 ,SMALL LoBM,ME1 BM2,ME1 BM3,ME1 BM4,SMALL HiBM,ME2 BM1,ME2 BM2,ME2 BM3,ME2 BM4,ME2 BM5,ME3 BM1,ME3 BM2,ME3 BM3,ME3 BM4,ME3 BM5,ME4 BM1,ME4 BM2,ME4 BM3,ME4 BM4,ME4 BM5,BIG LoBM,ME5 BM2,ME5 BM3,ME5 BM4,BIG HiBM
199007,1.13,1.31,1.26,1.44,-0.13,2.1,1.18,1.82,0.91,0.91,2.19,2.61,2.34,3,2.13,2.92,2.88,2.4,2.47,3.02,1.23,-0.33,1.79,2.09,0.45
199008,-10.67,-12.07,-10.29,-9.47,-9.9,-12.51,-9.96,-11.78,-11.07,-10.44,-13.88,-12.43,-13.08,-11.82,-12.3,-11.28,-11.46,-11.73,-12.35,-12.01,-9.24,-10.13,-9.08,-9.1,-9.93
199009,-9.9,-7.98,-8.5,-7.22,-8.16,-10.94,-10.25,-9.14,-8.37,-9.02,-12.18,-11.3,-11.76,-11.78,-12.2,-12.94,-11.09,-12.27,-13.06,-12.96,-11.33,-11.37,-10.64,-10.35,-12.32
199010,-0.32,-1.08,0.05,-1.78,-2.98,5.21,1.45,1.45,1.66,0.01,11.7,8.67,7.39,7.44,6.71,11.44,8.36,10.73,9.47,9.64,9.56,16.04,10.13,8.19,9.72
199011,-0.47,-0.14,0.08,-0.53,0.56,-3.01,0.15,-0.61,0.1,-0.11,-7.16,-3.19,-3.04,-5.32,-3.97,-5.36,-3.73,-4.8,-4.97,-5.45,-1.44,-4.08,-2.28,-1.4,-4.53
199012,-0.5,2.36,0.86,-0.6,0.94,1.25,1.76,1.81,1.68,1.82,2.76,0.98,-0.02,-0.15,0.05,-0.35,1.44,-0.23,0.64,0.83,2.65,3.36,2.76,0.95,0.11
199101,2.25,2.49,2.26,2.05,4.05,-0.04,1.67,1.8,2.77,2.05,0.31,0.73,1.62,-0.62,1,0.93,1.74,0.09,1.41,1.95,4.25,3.41,3.13,2.7,4.75
199102,11.63,10.69,9.85,10.04,10.36,13.03,12.48,11.7,9.47,11.48,13.72,12.23,14,13.68,13.01,13.46,11.64,12.48,13.48,12.64,9.3,7.44,7.92,9.23,10.28
199103,4.62,2.52,2.31,2.02,2.95,1.45,-0.06,-0.17,1.04,1.14,0.03,-0.81,-0.77,-1.41,0.48,-0.6,-1.36,-2.64,-1.49,-0.5,-0.83,-2.34,-2.18,-4,-3.45
199104,-0.06,-0.79,0.9,0.1,1.54,0.39,1.35,1.7,-0.18,1.1,0.02,-0.24,0.33,1.6,1.14,-0.15,-0.46,1.05,1.26,1.47,0.52,1.44,1.43,1.14,0.83
199105,1.35,1.44,1.68,0.82,1.17,-0.15,1.29,1.33,1.72,0.55,-0.56,0.6,1.25,1.24,0.67,0.28,0.7,-0.48,1.79,1.35,1.67,1.23,1.6,1.42,1.3
199106,-5.42,-5.31,-4.36,-3.49,-3.94,-5.38,-5.54,-4.22,-4.17,-4.02,-5.04,-5.99,-5.28,-3.73,-4.27,-5.56,-5.22,-5.24,-5.3,-4.76,-5.97,-6.41,-5.75,-6.64,-5.12
199107,1.8,3.3,2.91,3.71,2.54,2.07,3.8,1.38,2.1,2,2.1,3.26,1.98,2.12,2.36,3.3,2.28,2.45,3.21,3.39,5.39,3.33,5.25,4.92,4.06
199108,-0.82,1.28,1.06,1.1,0.66,-1.74,0.78,-0.14,0.05,-0.54,-0.73,-1.44,-2.52,-2.43,-1.9,-2.33,-0.98,-2.89,-2.17,-2.41,0.54,-0.8,-0.38,-1,-1.55
199109,6.06,5.27,4.24,3.69,2.42,3.51,4.05,5,2,2.44,3.75,4.45,4.51,3.58,3.29,5.31,4.3,4.46,5.86,3.59,1.97,3.04,3.3,4.08,3.23
199110,2.33,2.13,1.63,1.17,0.36,2.79,1.54,0.77,1,1,2.47,1.54,1.44,0.81,2.85,2.07,1.23,1.11,0.69,2.02,3.22,2.61,0.86,0.75,1.58
199111,-2.05,-2.04,-2.19,-0.89,-2.35,-3.74,-4.26,-4.73,-3.24,-5.57,-4.34,-5.77,-5.05,-5.48,-6.22,-6,-4.29,-6.81,-5.11,-5.98,-3.11,-4.87,-4.24,-5.12,-6.28
199112,5.24,4.65,3.95,2.33,3.31,6.98,5.11,3.51,3.73,4.62,7.74,6.01,4.67,4.41,5.58,7.42,5.85,5.47,5.76,5.48,10.69,6.55,5.12,6.47,5.79
199201,3.25,4.22,1.44,2.35,5.77,0.01,1.04,0.19,2.15,3.58,-0.87,0.15,1.04,0.47,2.17,-2.37,-0.43,-0.87,-0.66,1.39,-3.79,-3.69,-2.61,-0.92,0.07
199202,-0.6,0.77,2.05,1.35,3.78,-1.19,0.14,-0.13,0.4,2.18,-1.68,-0.17,-0.95,-0.58,1.85,-1.54,0.05,-0.92,-0.08,-0.29,-2.42,-2.63,-2.4,-1.31,-1.07
199203,-6.77,-4.1,-3.55,-1.92,-1.55,-7.58,-4.74,-3.69,-3.28,-2.54,-6.21,-5.22,-4.83,-4.36,-4.07,-6.01,-4.67,-4.49,-5.38,-5.11,-5.63,-5.98,-4.37,-3.98,-5.29
199204,-5.14,-0.72,1.97,0.45,-0.44,-3.92,-1.8,-1.25,-0.18,-0.81,-3.33,-0.39,-1.3,-1.65,-0.53,-4.06,-0.68,-0.34,0.53,0.88,-1.84,0.32,2.04,1.72,3.42
199205,2.49,3.74,4.8,4.51,3.6,4.83,4.04,4.98,4.7,5.79,4.09,4.71,5.59,4.73,6.14,5.02,5.2,5.39,5.28,5.03,4.23,3.54,4.47,4.55,4.36
199206,-3.68,-2.74,-1.4,-1.59,-2.57,-4.17,-4.12,-3.87,-2.62,-2.75,-4.08,-3.88,-2.36,-3.91,-2.6,-3.8,-3.73,-4.13,-2.38,-3.37,-4.41,-3.11,-3.37,-2.63,-2.99
199207,-1.91,-2.92,-1.01,-3,-1.05,-3.83,-2.2,-2.01,-2.3,-2.15,-1.87,-3.48,-3.5,-1.69,-3.93,-2.05,-1.52,-1.24,-2.3,-4,2.22,0.11,0.48,-0.29,-1.92
199208,-1.91,-2.24,-1.05,-0.68,-1.85,-0.57,0.23,2.06,1.51,0.2,1.83,0.55,1.67,1.29,1.68,3.26,3.18,3.26,3.14,2.23,4.91,4.38,1.96,1.23,0.95
199209,0.21,-2.71,-1.56,-3.06,-1.42,-0.06,0.01,-0.22,-1.68,-1.67,-0.57,-1.59,-1.11,-1.62,-2.56,-2.52,-0.9,-1.71,-1.91,-2.6,-0.9,-1.04,-0.32,-0.92,-1.82
199210,-2.52,-3.87,-3.63,-4.9,-2.58,-2.8,-2.44,-2.86,-2.83,-3.05,-2.39,-3.63,-3.82,-2.43,-2.16,-2.09,-4.42,-3.9,-2.09,-3.02,-1.41,-3.25,-3.63,-3.93,-1.71
199211,4.98,4.35,2.29,1.43,2.77,4,2.67,1.59,0.6,0.9,3.87,1.91,0.9,0.81,0.7,2.93,2.97,1.59,0.86,0.94,2.83,2.75,1.01,0.75,2.64
199212,2.72,2.41,3,3.57,3.3,1.7,2.26,1.41,2.02,3.25,0.33,3.76,1.72,2.32,2.38,0.04,1.14,1.23,0.44,1.92,-0.56,1.37,1.41,0.83,1.75
199301,1.12,2.08,3.11,2.56,5.82,0.33,2.05,1.43,2.74,3.71,-0.67,2.14,1.14,1.62,1.58,-0.23,0.98,1.39,1.16,1.72,-1.73,0.1,-0.03,1.16,3.48
199302,-2.86,-1.03,0.76,2.53,2.54,-1.18,-1.03,1.78,2.47,3.9,-1.23,1.31,2.56,2.81,3.39,-0.66,1.6,3.31,2.65,2.67,-0.32,2.58,3.92,4.41,2.61
199303,5,6.09,6.4,7.85,6.91,7.82,6.56,6.7,7.56,7.15,7.97,7.08,7.68,7.94,10.45,8.89,7.68,7.95,7.81,10.28,4.06,8.58,6.23,6.31,8.68
199304,3.45,3.59,3.86,5.72,3.49,5.36,4.47,5.42,6,6.34,5.08,4.11,6.46,6.92,9.19,4.45,4.11,6.48,7.35,7.74,1.24,4.5,4.92,4.84,7.23
199305,9.75,6.54,7.83,7.11,6.91,7.51,7.07,7.9,7.72,6.68,7.14,6.09,5.68,5.92,6.85,5.26,4.18,3.77,4.67,4.06,4.15,2.89,2.28,1.63,0.58
199306,-3.14,-2.62,-2.72,-1.75,-0.54,-2.26,-2.57,-2.81,-3.02,-2.22,-3.65,-1.09,-4.02,-1.91,-3.38,-3.8,-3.12,-2.63,-2.27,-2.16,-2.15,-1.6,-1.38,-1.36,-1.04
199307,-0.67,-0.07,1,1.75,2.5,0.32,0.27,-0.17,1.3,1.53,1.45,1.04,2.7,2.06,1.38,1.14,2.56,2.4,3.25,3,1.18,2.86,2.9,3.88,3.39
199308,5.11,5.27,5.71,5.64,6.82,5.33,5.48,5.57,5.76,5.51,4.29,4.88,4.85,5.68,5.7,4.36,4.83,5.26,4.52,4.95,4.44,3.7,4.49,4.93,5.31
199309,-1.12,0.64,0.46,0.16,1.12,-0.6,0.7,0.2,0.16,-1.22,-0.66,-0.36,-0.62,-0.12,-1.56,-1.1,-0.06,-1.56,-1.88,-2.49,-2.06,-3.1,-1.89,-1,-1.59
199310,4.24,2.73,3.45,2.33,3.2,0.88,1.88,1.05,-0.23,0.43,0.03,-0.33,-1.03,-0.85,0.1,-0.55,-0.46,-0.74,-0.52,0.1,2.98,1.45,1.68,0.59,1.55
199311,-3.76,-2.12,-2.17,-1.34,-2.22,-4.71,-4.5,-4.14,-5.6,-4.83,-6.08,-6.9,-7.26,-6.25,-7.07,-6.4,-6.17,-6.42,-7.17,-6.55,-4.01,-7.88,-5.63,-6.36,-6.67
199312,3.48,4.72,3.95,5.76,4.93,3.03,4.62,5.01,5.42,5.3,4.07,5.26,4.78,5.68,7.21,4.03,4.77,5.89,6.16,7.02,2.54,3.69,4.33,4.23,6.64
199401,6.62,7.36,7.73,7.52,10.07,5.94,5.87,6,8.42,10.56,7.94,7.42,8.3,7.4,11.23,7.63,6.96,8.25,6.87,11.06,4.51,9.03,7.27,6.1,10.61
199402,-1.38,0.17,1.02,0.12,0.84,-0.89,-0.23,1.2,0.45,0.45,0.51,1.32,0.8,0.67,0.17,-0.39,0.22,-0.76,-0.16,-0.56,-1.75,-0.78,-1.25,-2.28,-0.7
199403,-5.27,-4.65,-3.99,-2.31,-2.75,-3,-4.1,-2.98,-2.4,-1.52,-2.84,-2.16,-2.59,-1.2,-1.2,-3.5,-2.98,-1.86,-1.36,-1.26,-4.7,-4.16,-3.41,-3.23,-2.74
199404,-0.67,1.63,2.01,1.64,2.75,0.9,2.49,1.79,3.2,4.36,2.56,3.13,3.05,3.16,4.54,0.46,2.68,2.32,2.27,2.96,2.85,2.1,3.01,3.21,2.44
199405,-2.06,-1.46,-1.29,-0.58,-0.08,-1.68,-2.37,-1.01,-0.99,0.26,-1.16,-2.77,-1.04,-0.91,-0.96,-1.76,-1.32,-0.19,-0.98,-0.86,-0.34,0.38,0.35,0.48,2.17
199406,-1.07,-1.94,-1.7,-2.01,-0.23,-1.42,-2,-0.17,0.91,1.53,0,0.82,0.49,1.44,1.06,-0.35,0.19,0.05,2.18,1.17,-0.32,0.55,0.51,0.61,0.64
199407,0.4,0.03,1.63,0.64,1.25,0.29,1.42,0.34,1.38,0.89,1.74,1.01,1.89,1.41,1.55,1.68,1.88,1.63,2.46,0.98,0.86,0.71,1.66,2.93,1.26
199408,2.82,2.6,3.33,1.77,1.77,4.3,2.06,3.37,1.38,1.42,4.41,2.79,3.52,1.44,0.62,2.75,2.61,2.85,1.02,1.84,3.16,3.22,2.59,1.16,2.11
199409,0.61,0.31,0.83,0.49,1.03,-1.12,-1.53,-0.94,-0.54,-1.23,-2.02,-1.86,-3.02,-1.62,-1.87,-1.82,-2.7,-2.29,-2.73,-2.24,-2.12,-2.75,-3.24,-2.91,-3.25
199410,-0.12,0.51,0.41,0.7,0.54,1.25,0.73,0.91,0.39,0.86,1.74,0.52,1.66,1.46,0.3,2.34,1.52,1.06,0.9,0.77,2.64,2.55,3.78,3.55,2.44
199411,-5.36,-5.15,-4.41,-4.44,-4.08,-4.8,-5.55,-5.08,-4.36,-5.12,-6.17,-5.02,-4.89,-5.59,-6.43,-5.74,-6.56,-5.12,-4.73,-6.34,-3.94,-4.92,-4.81,-4.4,-4.89
199412,-1.43,-0.45,0.15,-0.24,-0.07,1.1,0.67,2.23,1.5,0.82,1.58,1.15,0.97,2.23,1.93,2.13,1.8,1.15,1.33,2.02,1.36,1.4,1.49,0.47,0.24
199501,-0.92,-0.27,-0.58,0.2,0.78,-3.54,-2.2,-2.1,-0.91,-1.51,-3.63,-3.07,-2.31,-2.55,-3.08,-2.28,-1.7,-2.33,-1.73,-2.13,-1.61,-2.22,-2.17,-1.53,-1.13
199502,1.86,1.52,2.2,2.27,2.11,0.23,2.09,1.09,0.53,1.69,1.18,1.15,0.46,0.56,0.57,1.38,1.59,0.86,0.35,0.51,0.88,1.32,0.26,0.59,2.36
199503,1.14,2.06,2.49,2.29,1.59,4.22,3.11,2.86,2.48,2.29,3.87,3.22,3.67,1.83,3.02,4.26,4.45,3.66,2.85,2.79,5.08,6.18,5.24,4.82,3.74
199504,2.52,1.28,2.89,1.4,2.53,1.28,2,3.2,1.66,1.81,0.68,2.13,1.95,3.03,2.66,2.12,1.97,3.6,3.02,3.18,3.28,3.69,3.26,3.04,3.34
199505,1.92,1.11,1.13,0.91,1.64,0.13,0.74,0.79,0.31,0.71,-1.18,-1.4,-1.47,-0.64,-0.51,-0.58,-0.79,-0.93,-0.48,-0.87,0.87,0.17,-0.47,1.47,2.1
199506,3.36,3.76,4.78,2.53,3.28,3.2,4.01,2.1,1.26,0.97,2.57,1.29,0.27,0.89,-0.15,3.48,0.26,1.27,0.42,0.06,0.5,-0.24,0.03,-0.28,0.53
199507,6.29,6,4.79,3.98,3.99,8.24,5.57,5.02,4.33,3.33,7.2,5.56,4.42,5.52,4.21,7.62,4.8,5.28,3.91,4.16,4.25,5.32,4.85,4.6,4.09
199508,2.88,2.58,1.75,1.51,0.64,0.04,-0.54,0.99,0.52,-0.03,0.71,-0.07,-1.38,-0.29,-0.68,-0.52,-0.94,-1.4,-1.38,-0.83,-1.35,-2.04,-1.81,-1.9,-0.79
199509,1.47,2.15,1.1,0.63,1.52,0.64,1.29,0.6,1.16,0.34,1.21,0.83,0.78,0.97,-0.25,2.64,0.65,-0.29,0.27,-0.01,3.34,2.26,2.02,2.54,2.21
199510,-2.09,-2,-3.45,-2.83,-2.38,-3.93,-3.18,-3.06,-2.93,-3.08,-2.85,-3.51,-4.53,-3.57,-3.2,-0.64,-2.86,-1.87,-1.24,-2.65,-0.64,-1.55,-1.12,-1.74,-1.64
199511,1.52,-0.32,0.99,-0.33,0.62,2.87,1.96,1.12,1.67,4.06,2.2,1.93,2.2,1.66,3.49,3.59,2.05,1.78,2.7,2.51,3.39,3.43,3.46,2.97,3.39
199512,3.43,2.41,3.26,1.46,1.99,3.31,2.7,2.85,4,2.98,2.84,2.11,2.96,3.73,3.16,2.45,2.53,2.05,3,3.87,1.25,2.99,3.24,3.43,2.81
199601,2.36,2.74,1.47,2.64,1.98,1.49,1.09,0.74,1.49,1.57,0.24,2.08,2.15,1.79,1.8,-0.3,1.72,1.93,1.62,1.43,1.3,1.03,2.07,1.74,2.48
199602,2.87,2.38,3.07,2.34,2.68,1.91,3.04,1.59,1.3,1.63,3.79,2.49,1.38,1.47,1.44,3.65,2.13,1.95,1.22,1.14,0.54,0.88,0.54,0.76,0.64
199603,2.97,1.39,2.61,2.52,1.98,1.89,1.79,1.81,2.58,1.18,1.45,2.82,2.2,1.32,2.23,2.99,2.32,2.4,1.8,2.32,0.74,1.63,1.65,2.15,1.05
199604,7.24,7.33,6.49,5.75,5.29,8.95,6.54,6.48,4.36,5.36,5.99,5.13,5.27,4.7,5.07,5.59,4.07,4.78,4.45,3.47,2.09,3.4,2.54,2.51,1.28
199605,4.9,5.09,3.99,4.41,4.13,2.66,3.07,1.13,2.39,2.48,0.96,1.85,0.74,-0.22,0.95,0.81,0.27,-0.54,-0.83,0.27,1.38,-0.06,-0.54,0.39,0.6
199606,-4.07,-3.98,-3.99,-2.44,-1.83,-4.41,-2.32,-1.84,-0.87,-1.17,-2.22,-3.09,-1.77,-0.96,-0.85,-3.83,-0.82,-0.61,0,0.09,0.78,-0.52,0.03,1.34,0.35
199607,-8.23,-7.08,-5.03,-3.47,-2.83,-10.5,-8.29,-5.31,-4.78,-3.78,-8.66,-6.86,-5.26,-4.28,-4.29,-6.75,-4.27,-4.53,-3.84,-4.02,-4.38,-4.16,-3.05,-3.12,-3.11
199608,2.03,3.75,2.64,2.16,1.93,3.95,2.52,2.54,2.41,1.06,3.44,3.7,2.67,2.13,1.3,2.81,1.9,0.97,2.14,1.06,0.51,0.84,1.44,1.4,1.79
199609,-0.11,1.03,0.65,0.67,1.11,1.84,1.88,0.8,0.93,0.83,2.12,1.26,2.23,1.27,0.79,4.05,2.33,1.85,2.66,1.86,4.74,4.33,4.08,3.3,3.39
199610,-1.96,-0.23,-0.31,1.31,1.44,-2.67,-1.44,0.43,1.27,-0.2,-3.26,-2.5,-1.62,-0.21,-0.47,-2.91,-0.93,-1.44,0.09,0.41,-1.09,0.25,0.94,1.1,2.08
199611,0.1,1.6,2.05,2.57,3.34,0.56,1.94,2.16,2.58,2.54,0.66,1.63,3.08,2.43,2.59,2.07,2.1,2.7,3.25,4.96,4.6,5.86,5.7,6.1,7.15
199612,-2.35,0.23,0.33,0.89,0.71,-1.42,-0.86,-0.38,0.58,-1,-0.93,-1.71,-0.66,-0.63,-1.11,-1.46,-1.75,-1.72,-0.91,-0.5,-2.2,-1.73,-0.6,-1.13,-1.22
199701,1.02,1.54,2.36,2.24,2.2,0.55,-0.39,1.07,-0.27,-0.77,-0.49,-0.79,1,-0.5,-0.47,-1.31,-2.32,-0.81,-0.41,0.65,0.8,0.11,0.83,0.54,1.52
199702,-0.5,0.47,-0.41,1.34,1.67,-1.69,-2.52,-1.54,0.73,0.56,-3.36,-1.58,-0.82,1.32,1.72,-2.13,-0.97,0.42,0.44,1.52,1.46,0.7,-0.39,1.56,2.19
199703,-4.95,-4.02,-2.3,-1.4,-1.23,-6.41,-4.75,-2.84,-2.29,-2.08,-6.29,-4.23,-2.43,-2.1,-1.56,-5.82,-1.93,-3.53,-1.79,-1.88,-3.57,-2.27,-0.31,-1.44,-2.73
199704,-3.35,-4.49,-2.77,-2.06,-1.22,-3.47,-2.36,-1.25,-1.15,-1.09,-2.24,-1.08,-0.18,0.88,-0.51,-0.51,0.07,0.87,0.7,0.32,4.62,3.35,2.57,2.18,2.6
199705,7.28,6.98,7.2,7.46,6.67,10.29,11,10.17,8.67,8.76,11.62,10.58,8.67,7.92,7.73,10.64,8.78,7.78,8.19,6.83,8.71,6.77,6.72,5.66,7.08
199706,0.98,1.44,2.86,2.55,3.89,0.91,1.67,3.56,2.91,4.2,1.53,3.14,2.56,4.12,4.43,2.41,2.81,3.3,3.71,3.08,5.16,4.58,4.43,5.01,4.55
199707,-1.58,0.4,-0.77,1.37,0.81,-2.5,-1.1,0.87,0.11,-1.43,1.63,1.88,0.39,0.69,0.46,1.94,1.74,2.77,2.36,2.06,5.49,4.8,5.1,5.27,5.47
199708,1.22,0.34,0.27,1.16,0.86,0.22,1.02,-0.31,0.23,-1.54,-0.69,-1.99,-0.23,-1.81,-2.72,-3.3,-2.95,-2.79,-2.93,-3.67,-7.68,-6.01,-5.38,-5.53,-5.23
199709,2.86,5.83,4.65,3.43,3.91,3.37,3.36,4.41,4.11,1,5.44,4.65,3.9,3.36,3,3.59,5.42,3.56,3.9,3.23,5.33,6.02,5.4,7.68,6.64
199710,-4.95,-4.76,-4.47,-5.46,-3.15,-4.93,-4.15,-5.08,-3.25,-3.75,-5.74,-5.24,-4.7,-4.59,-2.7,-5.3,-4.54,-4.78,-3.82,-4.4,-4.89,-6.01,-6.38,-5.07,-4.27
199711,-6.94,-4.67,-4.59,-4.07,-3.81,-4.57,-3.65,-4.6,-3.56,-5.68,-5.23,-4.57,-3.8,-2.69,-3.83,-1.76,-3.37,-2.62,-1.36,-2.79,3.04,2.41,0.83,1.1,1.35
199712,-4.33,-4.38,-3.49,-2.58,-1.94,-3.34,-3.6,-3.16,-1.27,-2.07,-1.08,-2.37,-1.03,-0.86,0.75,-2.77,-1.21,-0.73,-0.8,0.32,0.82,1.26,1.07,2.29,3.26
199801,1.9,1.99,0.83,-0.08,1.84,3.49,0.94,2.06,0.3,4.15,2.52,1.06,1.84,0.37,3.25,2.23,0.3,0.64,1.84,2.99,5.03,1.59,0.91,0.7,2.14
199802,6.2,5.95,5.36,5.57,6.7,7.84,7.76,7.11,7.31,7.89,7.58,7.67,7.14,7.49,7.54,6.93,8.12,6.95,6,8.15,6.41,5.95,7.72,7.26,7.72
199803,3.86,4.58,4.83,4.01,4.42,4.12,3.24,3.26,2.64,3.54,3.83,2.89,3.42,4.49,4.96,3.65,4.22,4.35,3.56,5.94,2.51,3.92,3.83,6.88,6.88
199804,2.73,2.18,2.58,2.83,1.94,0.94,1.57,1.89,0.15,0.51,0.82,1.45,1.66,1.31,0.52,0.98,2.72,1.33,-0.04,-0.6,0.61,0.82,2.51,1.54,0.51
199805,-2.03,-1.37,-1.79,-1.39,-1.12,-2.86,-1.69,-3.73,-2.32,-1.29,-4.23,-2.05,-2.42,-1.9,-0.23,-2.9,-1.07,-2.41,-1.51,-0.43,-2.01,-0.44,-2.16,0.06,0.46
199806,-3.78,-0.72,-2.05,-2.84,-2.8,-0.72,-1.78,-3.04,-2.55,-1.47,-1.13,-1.73,-1.29,-2.58,-1.32,1.86,-1.34,-1.53,-1.75,-1.59,5.37,0.58,1.62,0.74,2.15
199807,-3.84,-4.88,-4.57,-3.91,-3.45,-3.29,-5.92,-4.16,-4.78,-4.15,-3.57,-4,-4.76,-3.4,-4.92,-1.87,-3.68,-2.47,-2.74,-4.09,0.2,-0.11,0.06,0.44,-1.31
199808,-16.55,-15.99,-16,-14.69,-12.48,-18.23,-17.48,-14.29,-14.06,-13.25,-15.86,-16.76,-14.34,-13.33,-13.31,-14.74,-14.99,-15.16,-14.58,-12.89,-11.08,-13.77,-14.47,-15.91,-16.02
199809,0.72,-0.2,0.49,0.8,-1.21,3.13,1.78,0.71,1.99,-0.87,2.41,0.82,2,1.83,0.22,1.6,1.94,1.46,2.38,0.92,4.2,2.27,-1.68,0.5,-1.18
199810,2.46,3.82,3.88,4.26,6.38,5.06,5.34,3.91,5.92,6.76,6.15,6.8,6.59,6.58,9.17,8.45,9.67,9.1,7.51,7.93,8.13,10.47,8.55,8.81,9.86
199811,6.73,3.45,4.99,4.51,5.1,6.88,3.83,5.68,4.09,5.35,5.58,4,3.57,2.93,3.01,6.54,2.99,2.63,2.9,3.47,6.48,5.16,5.54,5.9,4.51
199812,1.96,2.23,0.18,1.16,0.03,4.57,4.26,2.63,2.9,1.19,6.93,4.16,4.26,2.79,2.87,6.03,5.09,3.23,2.53,1.46,7.04,5.44,2.16,2.92,3.23
199901,5.39,3.89,3.42,2.01,0.77,5.24,1.16,-0.07,-0.47,-0.75,2.95,0.82,0.58,-2.31,-2.07,4.95,-1.14,-2.41,-1.36,-1.28,4.29,0.5,1.98,0.98,0.07
199902,-0.68,-3.22,-3.79,-2.04,-1.41,-3.1,-3.29,-3.8,-4.61,-4.72,-3.89,-4.38,-4.85,-3.9,-3.92,-3.98,-5.26,-3.65,-3.65,-2.13,-3.59,-2.6,-0.89,-2.55,-2.23
199903,1.56,2.64,-0.06,0.52,4.99,2.67,0.38,1.52,2.12,5.17,5.76,2.35,5.89,2.73,5.19,3.76,4.04,2.57,2.64,3.74,4.88,3.8,3.22,3.22,4.05
199904,5.03,6.35,10.51,8.79,11.72,9.49,8.26,6.45,6.95,8.61,5.6,8.35,8.24,6.45,8.13,4.67,5.73,7.33,6.3,8.58,0.45,5.4,8.52,4.82,7.13
199905,0.68,0.1,2.55,3.02,0.84,-1.75,-0.23,0.93,0.84,-0.54,-1.39,0.36,-1.58,-0.25,-0.97,-0.07,-0.84,-0.59,-0.5,-1.67,-3.85,-2.67,-3.13,-2.81,-3.5
199906,6.87,6.47,8.9,9.76,10,8.35,8.18,7.27,6.09,7.49,8.05,4.59,5.45,2.54,5.68,6.75,6.28,3.26,3.25,4.83,7.13,4.07,3.46,1.95,3.11
199907,3.71,3.35,4.22,2.56,3.68,1.3,1.41,1.54,2,1.75,0.72,1.71,1.01,2.3,2.17,2.3,1.56,1.04,0.59,1.64,-1.32,1,-0.88,-0.82,0.67
199908,3.5,3.44,3.74,1.09,0.96,3.04,2,0.15,0.71,0.23,1.42,-0.22,-0.86,-1.27,0.1,5.18,-0.81,-2.11,-0.04,-0.01,2.31,-2.73,-0.16,-1.3,1.41
199909,3.19,2.75,1.78,0.49,-0.04,3.23,2.66,1.68,0.96,0.43,2.78,2.78,0.25,-0.76,-0.18,2.41,-0.27,-1.53,-0.64,-1.78,0.36,0.34,-2,-1.97,-0.43
199910,1.43,1.63,0.84,-0.38,-1.46,1.51,3.79,-1.51,-1.16,-2.03,5.09,0.62,-0.57,-1.23,-1.29,6.62,0.18,0.94,0.95,1.62,8.31,4.36,5.03,5,4.58
199911,13.75,8.18,8.73,4.38,0.53,10.09,5.53,3.64,1.28,-0.66,10.66,7.45,5.45,-1.26,-1.91,13.13,3.55,1.11,-1.4,-1.46,7.47,3.48,2.42,-0.92,-3.13
199912,14.99,10.64,12.04,4.28,2.75,10.3,8.72,6.35,3.09,0.23,11.4,9.39,6.12,1.29,3.06,15.4,4.59,7.72,2,4.02,9.11,8.06,7.69,4.34,2.65
200001,8.09,5.5,4.11,2.66,1.68,2.06,-1.21,-1.74,-3.39,-1.79,-0.86,-1.97,-5.14,-1.73,-4.44,-4.4,-3.33,-3.9,-3.56,-6.05,-5.95,-6.22,-5.27,-6.35,-5.53
200002,23.46,21.64,21.89,8.99,7.43,21.92,14.96,10.81,3.54,2.51,16.65,13.96,3.43,0.93,-0.4,21.27,2.2,0.8,-3.04,-2.2,2.12,1.04,0.38,-0.83,-6.53
200003,-9.51,-9.06,-11.67,-3.59,0.03,-11.01,-4.38,-3.31,3.34,2.21,-5.19,-6.43,0.97,6.1,6.16,-6.34,5.46,6.01,7.33,7.42,5.62,7.94,7.31,7.67,9.96
200004,-20.58,-14.79,-13.72,-11.22,-9.65,-15.72,-10.82,-6.85,-5.91,-4.66,-9.02,-8.41,-3.01,-3.3,-3.94,-9.8,-5.66,-4.54,0.45,-1.22,-5.79,-4.61,-3.51,-2.89,-2.48
200005,-8.47,-5.6,-4.28,-2.59,-1.25,-5.71,-4.67,-2.02,-1.49,-0.05,-4.19,-1.09,-0.14,1.24,2.38,-7.5,-0.82,0.43,0.12,1.5,-4.76,-3.66,-0.57,2.57,0.17
200006,13.38,10.89,14.01,8.87,9.32,5.44,5.04,8.5,4.28,7.7,10.72,9.37,2.56,3.99,5.71,8.87,2.58,4.45,1.3,2.46,5.26,0.66,0.79,0.92,0.76
200007,-7.87,-5.16,-3.05,-1.99,-2.21,-8.15,-4.56,-2.7,-2.74,-2.15,-6.09,-7.47,-4.84,-1.19,-0.68,-6.08,-3.97,-2.68,-2.34,0.42,-5.35,-4.62,0.23,2.13,0.64
200008,2.77,2.01,2.37,2.91,3.46,5.88,5.25,3.32,3.8,4.95,7.85,5.17,6.17,3.88,4.63,8.56,7.59,5.61,4.8,4.18,6.9,3.16,4.56,2.48,3.4
200009,-6.05,-6.2,-4.91,-3.87,-2.43,-8.06,-4.89,-5,-1.42,-1.68,-8.59,-4.85,-3.47,-3.07,-0.58,-6.56,-5.78,-2.67,-0.86,-0.57,-6.9,-7.34,-1.86,-2.55,2.92
200010,-14.24,-9.57,-7.94,-6.46,-5.3,-12.75,-8,-6.09,-2.42,-3.5,-14.76,-7.97,-4,-2.87,-1.19,-10.02,-4.42,-0.91,-0.22,-0.62,-6.24,-0.15,-0.45,-0.43,1.09
200011,-14.73,-10.08,-6.15,-3.29,-1.31,-17.18,-11.59,-5.6,-3.38,-0.09,-19.99,-12.25,-4.2,-2.08,1.65,-16.02,-9.91,-3.15,-0.86,2.67,-11.9,-5.66,-4.86,-5.21,-0.51
200012,-1.37,-1.6,2.61,3.41,2.47,-0.25,2.96,4.52,6.5,5.88,0.64,3.47,4.85,8.09,7.23,0.84,3.55,6.34,5.95,7.88,-5.78,0.23,5.75,7.46,6.02
200101,5.81,6.71,5.98,5.87,4.88,8.63,4.07,3.24,3.72,1.84,7.4,3.61,1.19,1.16,-0.99,5.09,3.67,0.6,0.71,-0.82,4.08,2.23,0.98,2.72,-2.35
200102,-8.88,-7.76,-5.64,-3.27,0.17,-12.69,-9.11,-3.61,-1.17,0.99,-16.4,-8.57,-5.41,-1.65,1.26,-16.39,-7.41,-5.38,-0.5,0.94,-17.72,-7.31,-6.05,-6.18,-0.88
200103,-10.93,-9.88,-6.6,-5.02,-3.49,-13.77,-9.37,-6.93,-4.31,-4.21,-12.47,-11.98,-6.29,-5.48,-4.45,-12.96,-8.66,-7.45,-4.88,-3.85,-11.84,-6.27,-6.61,-4.87,-3.85
200104,5.56,5.58,7.38,6.61,6.65,8.36,6.36,7.15,6.92,7.2,12.41,9.16,7.13,6.28,7.04,15,11.15,8.77,8.19,5.86,12.74,6.69,7.37,5.68,3.47
200105,-1.38,0.89,2.22,3.94,4.61,-0.99,0.3,1.02,2.06,1.89,2.26,3.17,0.5,2.03,1.32,-1.35,1.97,-0.22,0.6,2.11,-2.52,-2.09,0.04,-1.57,0.91
200106,-4.69,-2.15,-0.02,2.09,1.07,-4.18,0.87,2.46,1.24,1.62,-3.97,-0.74,-0.19,-0.79,-1.16,-2.61,0.44,-1.31,-1.64,-1.73,-4.98,-2.92,-2.5,-1.68,-0.35
200107,-9.71,-6.5,-5.68,-3.65,-2.36,-6.54,-7.9,-4.57,-4.12,-3,-9.09,-3.59,-3.07,-3.39,-1.26,-5.89,-3.63,-2.92,-1.02,-0.14,-1.15,-2.49,-1.51,-1.79,-2.84
200108,-5.68,-4.09,-2.09,-0.45,0.73,-3.47,-5.23,-1.15,-0.81,0.72,-4.6,-3.88,-2.57,-0.18,-0.09,-6.36,-3.57,-2.16,-1.89,-0.2,-6.73,-4.63,-3.49,-1.06,-6.83
200109,-18.49,-17.39,-14.37,-12.9,-10.91,-19.21,-15.3,-13.43,-12.27,-11.89,-17,-14.19,-13.06,-11.9,-12.57,-14.78,-12.54,-10.97,-10.77,-13.19,-6.07,-8.77,-11.46,-10.26,-9.75
200110,8.77,8.59,5.98,5.62,3.6,9.61,7.84,5.75,4.15,2.31,12.5,8.24,5.45,3.75,2.23,9.31,6.68,2.41,2.23,2.33,4.15,1.82,2.34,0.69,-0.91
200111,6.1,6.49,7.06,4.34,2.45,5.12,8.73,4.36,4.74,3.67,8.14,6.25,4.84,4.15,4.83,8.1,6.67,4.59,4.26,6.09,6.77,5.45,4.54,4.99,8.54
200112,-0.96,1.27,0.59,0.08,0,0.65,3.09,0.78,2.13,1.54,-0.05,3.39,2.6,2.98,1.47,-0.25,1.77,2.27,1.74,2.63,-0.53,0.7,1.09,1.59,1.6
200201,-2.46,-3.07,-2.04,-0.53,1.47,-5.91,-4.23,-3.01,-0.66,-0.28,-4.81,-3.09,-2.4,-1.49,0.14,-4.59,-3.49,-2.48,-0.09,-0.3,-2.89,-2.33,-3.99,-1.75,-7.1
200202,-4.27,-3.88,-2.46,-0.17,1.25,-4.91,-3.76,-0.25,0.08,3.28,-3.91,-2.39,0.47,1.71,2.61,-3.71,0.23,1.62,2.58,1.46,-1.31,-0.57,0.22,0.01,-3.33
200203,2.55,4.48,5.64,4.71,6.02,5.05,6.72,6.9,6.22,6.25,6.96,6.78,6.42,6.04,5.44,6.95,5.57,6.21,5.56,4.42,2.44,4.98,6.48,4.87,4.62
200204,-3.81,-1.88,1.02,2.24,4.59,-1.85,-0.76,3.37,3.83,4.77,-4.62,0.58,2.61,2.42,3.34,-4.19,1.7,1.67,2.21,1.62,-6.78,-3.85,-0.7,1.89,-4.91
200205,-1.64,0.8,0.55,3.82,4.82,-0.55,-0.25,0.91,1.67,1.91,-1.35,-0.57,0.3,0.77,1.96,-0.75,0.36,2.13,2.53,1.88,-2.06,1.24,0.61,1.44,1.03
200206,-6.56,-3.92,-3.58,-2.29,-0.45,-5.71,-4.63,-3.06,-1.95,-1.27,-7.58,-4.27,-4.87,-3.72,-3.17,-7.06,-5.49,-5.33,-4.41,-3.92,-5.86,-5.59,-5.51,-4.2,-7.9
200207,-10.2,-11.4,-8.81,-8.78,-6.57,-10.78,-11.88,-10.46,-9.71,-9.56,-10.3,-9.8,-10.64,-9.85,-9.99,-10.41,-9.89,-8.48,-7.92,-10.3,-6.02,-9.44,-10.03,-8.73,-9.14
200208,-2.8,-0.79,-1.25,-0.88,-0.8,-1.68,-1.99,-0.41,-1.22,-0.4,-0.59,-0.57,0.76,0.91,-0.2,-0.69,1,0.19,0.09,0.23,0.18,-0.29,0.14,1.12,4.13
200209,-12.21,-11.86,-10.31,-8.65,-6.24,-9.88,-9.56,-7.73,-6.62,-6.06,-8.67,-7.23,-7.48,-6.86,-6.63,-11.01,-7.56,-8.75,-9.69,-10.18,-9.77,-11.48,-11.44,-11.5,-11.17
200210,1.69,2.12,0.68,1.43,-1.14,4.26,2.64,0.52,0.32,-0.88,3.71,2.38,1.68,1.95,0.54,5.64,0.45,3.02,1.95,2.22,9.31,8.21,5.31,4.64,7.94
200211,7.98,7.53,5.61,5.31,3.05,8.61,8.32,4.98,5.36,3.47,6.7,5.5,5.8,3.9,4.56,9.25,6.69,5.72,6.03,5.82,3.75,5.34,5.99,5.67,7.39
200212,-4.81,-4.02,-2.05,-0.81,0.72,-6.39,-3.74,-2.42,-0.93,0.15,-5.68,-4.68,-1.93,-0.22,-0.68,-7.01,-3.29,-2.46,-0.94,-2.06,-5.52,-4.52,-4.31,-3.11,-4.84
200301,-0.36,0.79,-0.45,0.04,1.88,-1.63,-0.68,-1.05,-1.12,-0.94,-2.94,-2.02,-2.14,-1.41,-2.08,-2.44,-2.03,-2.18,-0.82,-2.12,-3.25,-3.53,-2.73,-2,-2.91
200302,-3.67,-3.19,-0.61,-1.5,2,-3.99,-2.68,-1.3,-0.8,0.22,-3.7,-2.43,-0.36,-1.04,-1.3,-1.26,-2.2,-1.13,-1.45,-1.37,-1.29,-2.47,-1.71,-1.79,-3.29
200303,-1.51,-0.75,-0.44,-0.7,-0.05,1.01,-0.47,-0.15,-0.34,-0.48,1.71,1.36,0.49,-0.07,0.22,-0.18,0.36,0,-0.48,-0.32,1.64,-1.07,-2.03,-1.1,-1.62
200304,11.13,8.74,10.21,8.08,6.42,10.73,9.3,9.57,8.29,7.76,8.28,9.36,7.31,8.65,9.05,8.75,7.89,7.31,8.86,8.55,7.94,9.18,9.24,10.16,10.15
200305,13.78,13.11,11.35,10.93,9.66,12.42,11.33,9.25,8.95,8.84,8.99,7.8,8.95,8.93,8.05,10.11,7.85,8.73,7.84,8.35,3.65,6.89,7.48,6.46,8.15
200306,5.41,5.8,5.85,5.05,5.94,3.13,2.62,2.67,3.68,4.74,3.56,2.36,2.53,2.23,3.81,1.98,3.17,2.17,2.22,2.72,1.36,1.29,2.97,2.7,0.73
200307,4.97,5.05,5.05,6.15,5.61,4.23,3.97,4.25,5.17,5.58,5.38,3.83,2.54,1.86,2.82,5.6,3.08,2.84,2.48,4.49,-0.17,2.48,3.1,3.34,1.97
200308,5.78,5.65,5.51,4.63,7.27,4.45,4.06,4.77,4.68,6.03,4.74,6.23,4.06,4.96,6.9,5.01,3.41,4.69,4.27,7.18,1.31,2.73,1.53,1.58,3.11
200309,7.02,7.47,5.28,5.64,6.12,4.55,3.71,3.03,1.88,3.53,3.03,1.84,1.44,1.61,4.18,3.21,1.71,1.73,3.13,2.72,1.45,-0.15,1.17,0.21,-0.08
200310,7.66,8.61,7.26,7.21,7.43,6.77,7.53,6.26,6.48,7.31,7.57,8.34,5.86,6.56,7.1,7.49,7.21,5.93,6.26,9.43,2.49,6.26,7.05,8.3,6.89
200311,1.75,1.23,2.86,3.26,1.18,-0.23,1.98,2.79,2.06,0.76,0.5,1.59,1.55,2.82,1.76,1.25,1.41,2.02,2.52,2.31,1.59,1.62,2,1.68,2.51
200312,3.61,3.68,3.7,4.98,4.85,4.24,3.93,3.88,4.22,4.93,3.28,3.52,4.55,5.3,5.56,3.31,4.22,5.34,4.95,5.99,4.89,7.62,5.63,5.74,7.53
200401,5.6,6.2,6.17,5.86,7.93,4.36,4.57,3.67,4.58,6.01,2.39,2.6,3.04,2.66,4.7,3.67,2.6,1.95,2.83,3.55,1.8,0.2,2.27,3.37,3.01
200402,1.23,2.41,2.31,2.73,2.4,1.19,2.8,2.61,1.18,1.92,0.67,1.69,2.6,2.69,2.44,2.96,2.21,2.23,2.99,2.78,1.3,2.06,2.02,2.28,2.63
200403,1.65,2.56,1.79,0.83,4.96,5.39,1.81,2.91,2.24,4.72,2.73,3.87,2.56,1.78,3.92,1.6,2.66,1.51,3.61,1.58,-1.66,-0.75,-0.14,-1.28,-1.39
200404,-2.23,-2.18,-1.87,-3.12,-3.06,-3.3,-2.87,-2.69,-2.81,-4.23,-1.64,-3.77,-2.71,-2.52,-4.33,-2.37,-3.38,-4.41,-3.72,-4.35,-0.19,-1.84,-3.78,-3.28,-1.75
200405,-3.13,-2.42,-1.85,-0.89,-2.24,0.14,0.85,-0.1,0.12,-0.29,-0.34,1.77,1.1,0.09,0.25,0.61,1.15,0.83,0.53,2.03,0.58,1.75,0.8,1.35,-0.22
200406,4.36,4.2,3.37,3.62,4.74,4.17,4.35,4.35,5.05,5.9,2.98,3.04,4.69,4.66,4.83,1.59,3.9,3.01,3.16,4.15,1.48,2,2.31,1.65,2.37
200407,-6.29,-5.48,-3.28,-3.56,-2.82,-8.69,-6.24,-5.12,-4.88,-4.47,-6.77,-5.39,-4.54,-3.71,-3.51,-7.06,-5.42,-4.6,-3.93,-3.14,-5.49,-2.87,-1.61,-3.22,-1.89
200408,-0.33,-0.26,-0.01,0.5,0.6,-1.79,-0.15,1.09,0.24,0.8,-1.38,-0.86,-0.05,0.76,0.43,-0.22,-0.75,0.48,1.37,0.97,0.2,0.07,1.2,0.83,1.12
200409,2.61,4.18,3.45,3.33,2.33,3.92,4.81,3.88,3.65,2.69,3,4.07,4.51,3.62,2.68,3.73,2.44,3.44,3.95,3.16,0.64,2.37,1.8,2.68,3.25
200410,2.88,2.73,3.18,3.97,3.68,3.12,4.5,3.3,3.52,2.58,3.74,4.92,2.52,1.72,2.15,3.79,2.83,2.61,2.07,2.69,2.22,2.15,2.61,3.9,2.91
200411,8.35,8.28,8.08,7.21,7.11,8.44,6.75,8.09,7.94,7.67,6.7,7.47,7.09,7.7,7.77,6.47,6.13,7.36,7.69,7.52,3.45,5.55,4.52,6.31,6.12
200412,4.2,3.11,4.33,3.7,5.02,3.37,4.04,3.85,3.59,4.67,3.5,4.46,3.84,3.27,4.4,4.49,4.71,4.48,4.24,4.58,4.78,2.55,4.02,3.8,4.11
200501,-0.34,1.07,1.09,0.53,2.23,-1.35,-0.87,-0.11,-0.08,1.03,-1.36,-1.27,-0.28,-0.68,0.4,-1.42,-0.6,-1.49,-0.07,-0.78,-3,-2.09,-2.38,-1.33,-1.57
200502,3.02,4.02,3.39,3.64,5.29,2.45,1.68,3.2,2.35,4.49,3.57,2.56,2.85,3.86,4.81,2.55,2.05,3.38,5.04,3.01,2.21,3.22,3.68,3.35,3.33
200503,-4.63,-3.53,-2.55,-1.95,-0.54,-3.99,-1.92,-2.04,-2.43,-0.73,-3.27,-2.3,-2.34,-1.62,-0.53,-2.23,-1.83,-0.57,-1.98,-1.54,-1.46,-1.76,-3.17,-0.87,-1.11
200504,-2.28,-3.45,-3.79,-3.16,-2.26,-4.13,-4.76,-3.45,-3.68,-2.6,-3.98,-3.81,-3.62,-4.01,-2.5,-4.43,-3.68,-2.95,-3.52,-2.27,-1.16,-1.64,-2.72,-3.44,-2.13
200505,-1.3,0.16,-0.81,-0.59,-1.36,1.07,0.75,2.1,2.54,0.8,1.49,2.99,2.27,2.21,2.19,3.08,2.32,2.53,2.41,2.27,2.06,1.64,1.06,0.95,2.57
200506,2.12,2.64,2.87,3.44,3.06,3.23,4.11,3.29,3.8,3.93,2.02,2.32,3.44,3.8,2.88,1.43,1.28,2.3,3.6,2.44,-0.71,1.12,1.73,1.63,2.71
200507,4.69,5.5,4.34,4.74,3.95,4.56,5.14,5.43,4.4,4.32,4.72,4.55,5.48,4.81,4.03,4.19,4.09,4.11,5.07,4.13,3.47,4.2,3.01,2.82,4.5
200508,2.03,2.41,1.6,2.52,2.54,0.4,3.06,1.28,2.11,1.62,0.38,0.99,2.01,2.09,2.42,1.54,1.98,1.86,2.57,1.53,0.14,1.57,1.57,0.82,1.75
200509,0.17,2.81,2.51,2.77,2.5,0.26,2.65,2.09,1.56,1.82,1.41,2.16,2.08,2.6,3.28,3.63,2.81,3.06,3.6,2.57,0.99,2.7,2.86,2.58,2.59
200510,-3.17,-3.4,-2.86,-2.83,-1.81,-2.42,-2.58,-2.37,-2.91,-1.08,-2.47,-3.33,-3.42,-2.94,-1.8,-3.32,-2.55,-3.31,-2.75,-3.43,-0.41,-3.52,-3.42,-1.84,-1.69
200511,2.07,2.14,1.78,2.89,2.35,4.17,3.69,3.73,4.28,2.13,5.32,3.79,3.82,3.37,2.73,4.83,4.16,4.1,3.05,3.22,2.52,3.5,3.6,3.5,1.69
200512,7.5,5.01,4.29,3.6,6.1,7.15,4.21,3.7,4.59,4.73,6,2.94,3.13,3.44,3.63,5.02,4.23,2.86,4.78,4.3,1.74,1.47,4.21,2.82,1.13
200601,7.14,8.02,8.89,8.76,6.97,5.88,8.49,6.97,8.6,7.46,6.07,7.31,8.14,6.93,6.68,5.32,6.1,5.83,6.44,6.08,2.23,4.48,4.76,5.25,5.12
200602,-2.21,0.06,1.01,0.01,-0.82,-2.23,-0.03,0.08,-0.8,-0.58,-2.74,-1.07,-0.3,-0.04,0.3,-0.88,-0.45,0.16,0.17,1.3,-0.67,-1.12,1.14,0.68,-0.02
200603,4.32,4.26,5.01,3.94,4.55,3.48,4.88,4.41,4.26,5.32,4.61,4.74,4.4,5.33,4.51,4.39,3.81,3.92,3.14,3.7,2.11,2.66,2.28,1.92,2.6
200604,3.27,4.93,4.26,4.91,4.29,2.06,4.09,2.98,4.12,2.91,2.12,3.37,3.76,3.67,3.07,2.82,2.42,2.5,4.35,3.53,1.33,3.49,3.48,3.99,4.23
200605,-8.08,-6.58,-4.88,-4.86,-5.23,-7.86,-5.61,-4.58,-4.5,-5.26,-6.39,-6.01,-5.31,-4.32,-3.97,-5.45,-5.12,-4.3,-3.81,-4.81,-2.54,-3.48,-4.26,-2.86,-2.51
200606,-2.63,-2.23,-2.14,-2.81,-2.36,-1.69,-2.02,-0.73,-1.96,-1.59,-1.85,-1.47,0.31,-0.44,-0.69,-1.17,-0.33,-1.06,-0.39,-0.05,0.53,-0.25,0.05,0.14,-0.16
200607,-4.88,-1.37,-1.39,-1.99,-1.85,-5.3,-2.42,-2.43,-1.67,-1.57,-3.99,-3.35,-2.36,-1.3,-0.24,-3.76,-1.64,-2.04,-0.98,-0.1,-1.17,0.63,1.6,1.89,1.53
200608,3.19,3.33,2.13,2.2,2.1,3.64,2.41,2.2,2.81,3.01,3.24,2.99,2.37,2.9,2.8,2.39,3.09,3.01,2.22,2.82,3.15,2.9,2.58,2.4,1.83
200609,-1.61,-0.78,-1.2,-0.69,-0.17,-0.81,0.06,-0.5,-0.06,0.15,0.24,1.03,0.08,0.09,0.87,1.17,0.47,1.47,1.25,0.92,0.94,1.14,0.68,1.54,1.87
200610,3.21,4.56,3.61,3.93,2.78,5.52,4.14,5,3.99,4.16,4.83,5.07,4.79,3.97,3.86,4.12,3.34,4.28,3.33,3.29,3.68,3.35,3.7,3.37,4.4
200611,2.38,3.08,3.32,2.46,2.22,3.08,3.76,2.43,3.19,3.2,2.63,4.21,3.07,3.69,3.66,3.77,3.51,3.47,4.55,3.89,2.22,1.84,3.32,2.5,2.25
200612,2.23,2.02,2.56,2.43,2.46,1.2,2.07,1.29,1.99,2.38,1.94,2.06,1.35,1.63,2.72,1.32,1.15,2.41,3.3,2.31,0.39,2.04,2.38,3.3,3.61
200701,2.67,2.13,2.84,2.52,3.31,1.47,1.88,2.15,2,2.28,2.6,2.23,2,1.23,2.39,2.35,2.28,2.52,1.46,1.92,1.34,1.26,0.42,0.91,1.62
200702,0.33,1.12,1.56,1.28,2.43,0.74,0.98,1.22,1.13,1.58,0.29,1.01,1.17,1.51,0.49,1.13,1.28,1.16,0.81,2.12,-1.01,-0.52,0.05,-1.2,-0.39
200703,1.58,2.43,2.25,2.16,2.67,1.37,1.61,2.3,3.04,3.27,2.35,3.14,3.44,2.51,2.35,2.01,1.65,3.55,2.64,2.66,2.16,1.97,2.2,2.19,1.75
200704,2.5,5.27,4.6,4.08,4.24,2.41,4.29,3.56,2.03,3.09,2.31,3.42,3.74,3.52,3.28,3.08,2.57,3.63,4.2,3.79,4.39,4.84,3.74,4.57,4.65
200705,0.39,2.64,2.2,2.34,4.13,1.2,3.08,1.9,1.87,1.48,2.43,2.74,3.27,3.41,0.97,3.01,1.97,2.97,2.16,2.55,3.04,2.39,3.76,2.57,3.08
200706,0.92,1.41,1.62,2.25,2.36,-0.46,0.98,0.37,0.33,0.95,-1.15,-0.35,-0.4,-0.93,-1.07,-0.79,-0.71,-0.73,-0.93,-1.44,-0.09,0.39,-0.27,-1.38,-0.72
200707,-1.67,-1.77,-1.11,-1.44,0.36,-2.28,-1.21,-1.85,-2.33,-2.23,-1.27,-2.64,-2.74,-1.54,-3.01,-0.92,-0.6,-1.38,-2.73,-3.68,0.11,-1.59,-2.93,-2.31,-3.72
200708,-7.95,-6.63,-5.73,-4.84,-6.06,-3.77,-3.15,-2.59,-1.89,-3.32,-2.43,-3.53,-1.52,-1.16,-2.7,-0.53,-1.85,-1.22,-2.12,-3.57,1.39,0.09,-0.24,-1.07,-0.39
200709,3.03,4.42,3.78,2.9,1.89,3.95,4.1,1.91,2.39,2.45,3.78,3.09,2.35,2.66,2.44,6.24,5.36,3.48,2.63,2.46,6,5.92,4.2,4.36,5.33
200710,6.34,4.93,3.43,2.41,1.59,7.26,4.98,4.16,2.49,3.13,7.36,6,4.65,4.39,1.79,4.5,3.72,3.52,2.8,2.71,4.45,2.66,5.07,2.05,3.24
200711,-8.64,-7.8,-8.46,-8.17,-6.36,-8.71,-7.61,-8.25,-6.88,-6.94,-5.67,-8.52,-6.19,-6.68,-6.25,-5.38,-4.72,-6.04,-6.69,-5.95,-3.45,-1.24,-3.8,-5.39,-4.85
200712,-2.36,-1.19,-0.86,-1.14,-2.14,-3.05,-2.57,-1.7,-1.8,-1.46,-2.64,-2.58,-0.54,-1.62,-2.67,-1.68,-1.28,-1.04,-1.89,-1.58,-1.26,-0.92,-1.32,-1.31,-0.63
200801,-10.3,-9.52,-9.65,-7.4,-6.72,-11.49,-10.48,-8.81,-7.88,-6.02,-9.24,-8.37,-7.51,-7.65,-5.13,-9.14,-7.67,-7.25,-5.49,-5.1,-8.92,-6.9,-7.36,-7.85,-7.45
200802,2.88,2.92,1.65,1.74,2.98,1.45,1.55,0.52,2.87,1.5,0.03,2.98,1.8,-0.2,1.01,1.75,3.51,2.21,0.63,-0.26,-0.8,0.74,0.23,-0.35,-2.15
200803,-4.95,-4.38,-3.43,-1.97,-2.62,-3.57,-2.49,-0.88,-0.21,-0.3,-2.51,-1.76,0.12,-0.43,-0.83,-1.27,-2.36,-0.6,-2.11,-0.59,-1.22,-0.49,-1.93,-0.97,0.05
200804,0.19,2.63,2.92,1.89,1.64,3.12,2.49,2.96,2.28,1.82,3.38,5.35,4.3,4.7,2.92,4.17,4.68,3.79,5.11,4.6,5.21,4.9,6.01,6.29,5.23
200805,4.39,3.78,4.88,3.73,3.2,3.39,3.67,3.62,3.11,2.65,3.63,2.63,4.4,3.73,2.78,2.67,3.44,2.99,2.59,2.78,2.76,2.3,1.84,0.43,0.52
200806,-7.74,-5.06,-5.88,-5.76,-4.51,-7.15,-8.1,-7.82,-6.83,-7.21,-8.35,-7.43,-5.5,-7.3,-7.55,-7.41,-6.84,-6.8,-7.2,-9.31,-6.61,-6.7,-8.52,-9.8,-9.68
200807,-3.39,-4.76,-4.29,-3.24,-3.02,-2.84,-3.39,-2.92,-1.41,-0.57,-3.09,-3.3,-2.53,-1.2,-1.94,-3.24,-3.42,-3.25,-4.14,-3.58,-3.07,-1.97,-4.44,-2.05,0.68
200808,-4.94,-6.12,-4.43,-4.36,-4.55,-2.1,-2.92,-2.15,-1.51,-0.83,-2.53,-2.31,-1.05,-0.47,-0.25,-2.48,-1.8,-0.88,-1.45,0.55,-1.43,-1.26,-2.68,-2.9,-2.57
200809,-14.77,-15.41,-14.18,-12.51,-10.8,-12.74,-14.05,-13.73,-12.04,-10.87,-15.52,-15.99,-14.66,-11.72,-11.96,-13.84,-15.11,-12.48,-12.08,-12.35,-13.54,-10.72,-12.05,-10.78,-11.74
200810,-24.22,-25.62,-24.45,-21.08,-19.65,-24.6,-24.7,-20.61,-21.39,-18.94,-24.33,-24.71,-22.58,-20.63,-20.31,-23.48,-21.67,-20.41,-21.39,-22.17,-18.31,-15.06,-18.84,-18.39,-26.23
200811,-7.48,-7.82,-8.16,-8.94,-6.57,-7.35,-6.91,-7.36,-8.51,-6.96,-8.51,-6.48,-7.41,-6.79,-4.73,-6.28,-5,-6.28,-3.85,-6.17,-6.33,-3.9,-6.13,-8.22,-10.74
200812,5.55,4.89,6.42,5.47,5.96,7.71,6.41,4.9,7.35,8.75,7.93,5.36,5.3,5.43,7.64,5.73,6.79,5.21,7.1,7.51,2.98,5.1,3.47,3.73,3.34
200901,-5.13,-4.86,-6.44,-6.32,-6.81,-5.33,-5.73,-6.66,-7.69,-9.42,-6.93,-6.23,-7.34,-9.47,-9.16,-5.88,-6.86,-7.89,-7.47,-10.35,-5.55,-8.27,-8.61,-10.52,-15.41
200902,-8.67,-7.62,-7,-8.87,-10.47,-9.31,-7.57,-8.83,-11.57,-12.99,-8.57,-8.08,-8.98,-10.26,-10.5,-6.78,-7.71,-10.01,-11.17,-12.28,-6.6,-9.78,-10.4,-11.71,-15.62
200903,7.09,6.96,6.44,7.02,4.99,7.56,6.27,6.69,4.82,5.41,6.8,6.71,7.1,7.25,5.7,7.81,7.1,7.31,6.97,9.49,7.96,5.83,7.19,7.27,11.35
200904,11.3,13.44,13.05,12.35,10.18,15.82,15.62,15.15,12.88,11.48,12.53,15.3,15.68,13.98,12.75,12.97,12.76,14.61,13.32,13.53,9.38,6.38,11.2,13.5,20.18
200905,14.79,16.77,14.7,13.52,13.38,10.44,13.41,9.53,10.11,10.36,11.03,11.42,8.99,9.59,9.59,9.51,9.64,8.43,9.19,9.02,8.64,8.71,11.12,10.49,11.71
200906,3.16,2.98,2.9,2.4,3.15,4.14,2.22,1.96,0.8,2.14,3.6,1.61,1.49,0.78,0.29,1.87,0.93,0.05,-0.57,-0.28,0.74,-0.35,-1.7,-1.36,-1.73
200907,3.78,6.2,6.6,7.06,8.59,5.48,7.48,5.94,8.73,9.43,6.37,7.15,7.2,9.2,11.7,7.43,7.39,8.12,9.07,10.51,6.2,8.13,9.88,10.39,12.12
200908,3.92,4.09,5.77,5.34,7.19,4.37,4.73,4.11,5.05,7.7,3.29,3.21,3.99,6.9,6.85,3.76,3.46,4.02,5.08,8.04,1.47,1.66,4.71,3.47,9
200909,5.18,7.75,6.21,6.28,6.44,4.92,6.94,4.64,5.98,6.67,5.88,5.16,4.97,5.33,5.68,6.14,4.82,6.02,5.76,5.5,3.43,4.85,4.39,3.65,4.52
200910,-2.15,-2.03,-1.85,-1.77,-2.04,-3.56,-2.26,-2.24,-2.8,-4.08,-3.54,-1.5,-2.66,-3.37,-3.9,-4.07,-2.7,-2.47,-3.92,-4.9,0.28,-1.87,-1.74,-1.99,-5.46
200911,0.82,0.65,0.85,0.97,0.58,0.25,0.96,0.24,1.79,0.86,2.45,2.59,2.57,1.81,2.5,3.76,3.45,3.25,2.13,1.15,5.19,5.2,3.78,2.75,2.23
200912,0.07,0.1,0.72,1.45,2.41,2.16,1.91,2.31,3.44,4.11,3.34,2.98,3.65,3.12,3.75,3.53,3.55,2.57,3.52,3.11,1.15,1.58,1.93,2.11,0.9
201001,-0.93,-1.68,-1.67,-1.2,0.37,-0.93,-1.67,-1.85,-1.5,-1.85,-1.93,-3.14,-2.7,-2.44,-1.58,-3.18,-3.34,-3,-2.59,-2.06,-3.81,-4.04,-4.72,-4.08,-5.45
201002,0.06,0.31,0.78,0.53,1.88,-0.05,1.6,0.94,1.03,2.03,2.56,1.91,1.68,1.29,2.34,2.37,1.47,2.25,1.28,2.18,1.23,1.54,0.75,0.82,1.3
201003,4.44,3.1,4.41,5.85,7.68,4.44,5.27,6.25,6.49,8.82,6.36,6.33,6.9,8.3,7.81,6.35,5.5,8.14,7.46,8.98,4.62,5.15,5.97,7.02,9.17
201004,3.67,2.87,3.49,3.99,6.05,5.13,1.76,4.16,3.48,4.77,2.4,2.64,3.34,2.71,3.55,2.26,1.79,2.01,1.77,3.06,-0.75,-0.83,0.88,0.1,-2
201005,-11.12,-9.57,-9.89,-9.76,-11.18,-8.23,-7.87,-9.07,-9.62,-11.27,-7.38,-8.79,-7.52,-10.08,-11.55,-7.59,-8.28,-9.43,-10.07,-10.47,-8.48,-9.15,-9.91,-9.85,-11.79
201006,-2.36,-1.78,-2.2,-1.91,-3.69,-2.21,-1.61,-2.19,-2.57,-5.57,-3.07,-1.6,-4.08,-3.73,-5.53,-2.15,-1.39,-3.31,-3.73,-6.12,-1.45,-2.4,-4.66,-2.1,-5.94
201007,6.16,5.84,7.93,6.98,6.23,6.55,7.5,7.88,6.66,6.71,6.66,7.79,7.86,8.42,8.49,7.92,8,7.96,8.15,8.44,7.17,6.78,8.95,10.15,10.56
201008,-4.06,-3.46,-3.15,-3.94,-4.22,-3.45,-3.29,-4.51,-4.79,-5.35,-3.11,-4.29,-4.76,-5,-4.97,-3.86,-2.64,-4,-4.52,-4.33,-2.87,-2.92,-3.5,-4.27,-6.29
201009,12.71,10.82,12.77,11.52,9.14,11.06,12.1,11.44,11.1,10.14,12.28,12.67,12.74,11.59,9.18,10.83,11.23,11.31,10.26,9.77,9.78,10.04,9.02,9.37,9.12
201010,3.82,4.8,5.54,4.62,2.87,3.97,4.12,3.79,3.92,2.51,3.93,4.65,4.43,3.53,3.17,2.62,4.51,4.35,4.23,3.26,4.85,4.04,3.81,3.67,2.86
201011,-0.9,-0.7,-0.93,-0.43,0.16,0.48,-0.83,-0.35,0.26,0.17,-1.53,0.81,-0.07,0.49,-2.12,-0.13,0.03,-0.49,-1.03,-2.21,-1.6,-1.76,-2.38,-4.29,-5.18
201012,9.71,10.58,9.91,9.91,9.11,8.67,9.49,9.87,10.73,10.58,7.73,8.63,9.91,9.55,9.93,7.94,7.62,8.7,9.07,8.93,5.83,6.35,7.07,8.98,8.91
201101,1.07,1.1,1.37,1.62,2.85,-0.61,-0.28,0.75,0.98,1.18,1.06,0.24,0.63,0.99,2.25,1.35,1.42,2.07,2.23,1.69,0.51,1.52,2.26,4.28,5.28
201102,1.88,4.32,3.03,3.74,3.72,3.17,4.42,3.06,4.02,4.06,4.18,4.8,4.06,3.74,3.63,3.76,3.16,3.59,2.89,3.63,3.17,2.68,4.31,3.9,3.55
201103,0.58,-0.46,0.7,0.08,-0.91,0.05,0.91,1.55,0.98,-0.64,1.54,1.36,1.41,1.08,-0.71,1.59,1.43,1.16,0.87,-1.52,0.2,-1.47,-1.46,-0.88,-2.7
201104,4.88,3.05,4.14,3.49,2.33,4.76,4.17,4.04,3.51,2.19,4.66,4.23,4.03,4.1,3.49,5,3.68,3.9,4.05,3.29,4.7,6.01,4.62,4.07,3.35
201105,-2.98,-2.95,-2.86,-3.41,-3.39,-2.81,-2.6,-1.98,-2.07,-2.86,-1.46,-2.9,-1.8,-2.01,-3.46,-1.04,-1.29,-2.06,-1.96,-1.96,-0.49,-2.07,-2.71,-2.53,-3.7
201106,-4.29,-2.7,-3.29,-2.55,-1.27,-2.8,-1.8,-2.25,-1.58,-0.74,-1.63,-0.97,-1.98,-1.23,-1.55,-0.39,-1.88,-1.5,-2.39,-1.76,-1.21,-1.52,-1.42,-1.36,-1.93
201107,-0.05,1.45,0.08,0.25,0.79,-0.5,-0.72,-0.61,-1.28,-0.77,-0.56,-2,-2.3,-1.8,-2.84,-2.07,-2.11,-1.86,-1.31,-2.91,1.16,-1.29,-1.73,-2.54,-4.99
201108,-8.13,-8.91,-8.62,-8.57,-7.49,-7.95,-8.79,-7.84,-8.62,-7.44,-6.47,-6.89,-8.82,-6.77,-8.85,-7.08,-8.97,-8.5,-8.19,-7.77,-4.14,-6.68,-7.62,-8.12,-11.08
201109,-12.65,-12,-12.58,-10.9,-8.26,-11.27,-10.47,-11.79,-11.19,-6.99,-10.94,-12.27,-10.61,-10.6,-9.17,-9.95,-10.99,-10.52,-11.22,-8.69,-7.57,-9.08,-8.56,-8.88,-10.56
201110,7.59,7.33,7.9,7.01,4.18,8.8,10.07,8.86,8.27,5.08,11.14,12.68,9.35,9.64,6.64,10.41,10.52,11.49,10.23,7.21,8.88,10.3,10.63,11.26,10.59
201111,-5.01,-3.45,-5.42,-5.6,-3.23,-3.11,-3.47,-4.68,-2.53,-2.86,-2.6,-4.33,-2.88,-3.32,-3.77,-2.08,-2.73,-2.84,-2.5,-3.01,-1.66,-1.61,-1.53,-2.8,-5.45
201112,-1.84,-1.03,-0.9,-0.44,0.49,-1.63,-0.44,-0.71,-0.91,-0.08,-2.27,-1.67,-0.61,-0.09,0.28,-2.08,-1.53,-0.22,-0.28,0.85,-0.67,-0.7,-0.58,0.4,-0.15
201201,8.02,8.65,8.21,7.69,7.55,7.33,7.92,7.14,7.36,6.61,8.31,7.48,7.49,6.34,5.71,6.53,6.9,6.52,6.64,4.48,6.04,4.36,4.75,4.22,7.21
201202,4.79,3.52,5.34,4.93,3.78,5.46,5.33,3.3,3.68,3.13,3.71,5.03,3.94,4.49,3.97,5.1,5.41,4.93,4.59,3.65,5.52,4.67,3.78,4.92,6.48
201203,-0.47,-0.13,0.91,0.86,1.74,-0.32,1.55,0.57,0.51,1.93,-0.08,0.05,1.75,1.52,0.88,2.05,0.95,-0.05,0.69,0.21,2.88,1.36,0.25,0.17,1.92
201204,-1.35,-1.44,-0.59,-1.4,-0.24,-1.02,-0.8,-1.16,-1.7,-1.85,1.03,-1.03,-0.6,-1.24,-1.74,-0.54,-0.49,-0.72,-0.99,-2.91,0.36,-1.04,-0.27,-1.3,-4.47
201205,-11.06,-10.75,-9.82,-9.86,-8.4,-9.19,-8.91,-9.12,-10.1,-8.4,-9.27,-9.33,-9.13,-8.59,-7.98,-8.84,-10.46,-10.64,-9.95,-9.33,-7.73,-7.66,-9.66,-8.57,-10.53
201206,3.5,1.79,3.48,2.78,3.86,5.58,3.48,3.8,3.45,4.04,4.22,3.56,3.71,3.15,4.89,2.85,3.22,3.82,3.57,4.86,3.86,4.9,4.38,6.23,7.78
201207,-1.25,-0.49,0.52,-0.87,-0.89,-0.38,-0.4,-0.68,-0.23,-1.36,-1.32,-0.41,0.39,-1.19,-1.7,0.49,0.21,1.11,-0.14,-1.95,1.37,2.26,1.88,1.54,-1.13
201208,0.92,1.99,2.84,2.47,1.82,2.87,3.87,2.87,2.45,2.89,3.86,3,2.95,2.46,3.84,3.83,2.54,2.72,2.57,3.77,2.47,2.11,2.87,2.12,4.8
201209,4.83,4.65,2.83,4.1,4.34,4.88,4.35,4.73,3.49,5,3.54,2.65,3.25,3.64,4.5,3.13,2.76,3.46,3.72,3.63,2.24,1.99,2.65,2.77,5.6
201210,-0.81,-1.12,-0.27,-1.52,-0.9,-1.1,-0.74,-0.65,-0.72,-0.46,-1.54,0.5,0.12,0.77,0.23,-0.93,0.21,0.85,-0.42,1.27,-2.39,-0.69,-0.22,-0.96,2.74
201211,-1.02,-0.77,-0.23,-0.5,0.18,-1.02,-0.05,-1.06,0.8,1.06,0.57,1.44,0.99,1.58,0.87,2.33,1.49,1.69,1.92,1.88,2.5,1.44,0.76,0.07,1.62
201212,1.37,1.81,3.75,4.21,4.91,2.18,3.06,4,4.27,6.14,2.2,3.33,3.42,4.04,4.8,1.37,2.5,2.51,3.57,5.21,-0.25,1.6,1.68,2.93,4.97
201301,7.38,4.68,5.32,6.51,7.06,4.82,5.28,5.36,6.26,5.48,5.37,4.48,5.68,6.5,6.97,5.93,5.11,5.56,4.43,7.11,3.74,5,5.53,5.26,7.64
201302,0.35,-2.01,-0.45,-0.41,0.11,0.33,-0.15,0.23,0.62,0.53,1.52,0.22,0.42,0.6,0.64,0.69,0.81,0.88,0.96,0.66,0.48,1.16,-0.21,-0.25,-2.1
201303,5.04,2,1.71,2.1,2.8,4.68,2.17,2.87,1.9,2.4,2.83,2.94,2.65,1.71,3.16,2.24,3.57,2.55,1.9,2.88,3.38,2.84,2.05,2.15,-0.49
201304,8.76,0.96,1.64,1.13,2.29,2.82,0.06,1.31,2.52,3.04,0.35,1.84,1.08,1.92,3,2.34,3.17,2.37,2.84,4.51,2.68,3.09,2.4,2.85,5.39
201305,3.31,-2.32,-0.72,-1.51,-0.69,0.49,0.24,0.88,-0.49,0.29,-0.02,0.57,1.64,1.83,-0.28,1.07,0.69,-0.27,0.39,0.84,-0.36,0.02,-0.46,0.35,4.07
201306,-6.69,-4.08,-3.41,-2.28,-2.63,-0.6,-1.93,-2.2,-2.03,-2.61,-1.63,-2.56,-1.13,-1.49,-2.49,-1.64,-2.54,-2.96,-2.45,-2.4,-2.88,-2.43,-2.24,-1.88,-3.62
201307,7.08,6.79,5.5,6.07,5.05,5.11,5.79,5.7,6.08,5.58,7.15,5.19,6.8,5.24,6.21,6.32,6.06,5.72,5.92,5.78,5.11,4.79,5,6.11,7.06
201308,-0.96,-0.02,0.21,-0.53,-0.25,0.04,1.09,-0.76,-1.33,-1.24,-0.52,-1.14,-1.52,-1.97,-1.85,-0.77,-1.87,-1.82,-2.37,-0.93,-1.69,-1.35,-2.8,-2,-2.53
201309,9.07,6.83,7.33,7.5,8.31,8.49,7.18,7.56,6.73,7.72,7.46,6.28,6.52,6.73,6.52,7,7.17,6.42,6.36,5.44,6.04,4.36,4.9,5.03,5.15
201310,0.41,2.02,2.34,2.3,2.77,-0.77,1.5,1.94,2.66,3.13,1.5,2.63,3.12,3.25,4.82,1.83,2.48,3.96,3.44,4.26,3.09,4.43,3.57,4.36,4.35
201311,1.54,0.61,0.97,1.06,1.2,3.52,2.06,2.86,1.9,1.02,1.27,1.37,1.39,1.76,2.11,0.9,0.61,1.76,-0.65,1.29,1.98,2.78,0.97,1.45,2.71
201312,2.67,2.37,1.97,1.4,2.07,2.16,1.95,2.08,2.47,1.21,1.39,1.72,2.03,2.46,1.99,2.34,2.57,3.56,2.23,1.52,2.7,1.52,2.04,2.87,1.88
201401,2.53,1.2,0.86,0.54,0.75,0.61,-1.1,-1.31,-1.23,-2.11,-1.96,-2,-2.99,-2.23,-2.96,-2.54,-3.62,-1.67,-2.08,-2.44,-3.64,-3.4,-4.15,-4.76,-3.04
201402,2.53,4.33,3.28,3.76,3.22,4.45,3.47,4.54,4.46,4.35,4.7,5.17,5.73,4.74,5.88,5.64,5.35,5.28,5.64,5.83,5.54,4.95,5.38,4.95,4.28
201403,-2.57,-0.44,0.6,0.55,0.04,-3.45,0.03,0.82,0.58,2.15,-1.93,-1.05,-0.33,0.26,2.04,-2.06,-0.1,-0.67,-0.17,0.51,-1.74,0.45,0.69,0.24,2.22
201404,-4.01,-1.32,-1.66,-0.88,-1.43,-3.75,-2.77,-1.81,-1.49,-0.4,-3.95,-1.51,-0.72,0.14,-1.11,-2.73,0.02,0.52,0.37,-0.51,0.29,1.43,1,2.34,0.42
201405,0.98,0.13,0.59,0.24,0.67,0.21,0.75,0.93,0.91,0.07,0.64,1.59,0.9,1.7,0.93,2.38,1.51,1.63,1.59,1.4,2.12,2.23,1.88,1.57,1.48
201406,4.91,5.65,2.95,4.28,3.73,4.59,3.43,3.64,4.49,3.61,3.15,4.31,3.46,3.07,2.96,3.35,3.59,2.76,3.25,1.89,1.59,0.71,2.31,2.34,1.4
201407,-2.95,-2.47,-2.29,-2.02,-0.52,-4.8,-3.11,-3.66,-3.11,-3.49,-1.89,-3.25,-4.78,-4.46,-3.24,-3.23,-2.95,-2.95,-2.79,-3.24,-1.29,-1.61,-2.4,-1.23,-2.03
201408,0.48,0.22,1.19,0.86,1.25,0.97,2.19,1.3,1.36,1.14,2.44,1.11,2.4,1.59,1.41,3.46,1.99,1.55,1.55,1.7,2.42,2.74,1.49,1.22,1.93
201409,-5.76,-3.99,-4.64,-5.12,-4.76,-5.44,-5.71,-4.87,-6.31,-6.92,-4.32,-4.13,-4.82,-5.71,-5.97,-4.37,-4.03,-4.71,-4.78,-4.66,-1.57,-2.01,-2.82,-3.58,-2.43
201410,-2.97,-1.46,-0.82,-1.13,-2.69,2.56,1.6,0.87,0.82,-2.06,2.16,1.78,-0.22,0.58,-0.66,1.94,0.64,0.15,0.27,-1.78,1.5,1.6,0.39,-1.36,-0.65
201411,0.03,-1.02,-0.98,-0.86,-1.7,1.48,-0.56,-0.43,-1.62,-1.83,0.66,0.27,0.08,-0.35,1.07,1.82,0.74,1.18,0.96,-0.22,2.47,3.58,1.46,1.33,0.92
201412,-0.82,-0.17,0.04,-0.21,-0.55,0.63,0.84,0.46,1.58,0.06,0.28,-0.61,-1.19,0.01,-0.4,0.47,-0.51,-0.72,-0.46,-1.36,-2.24,-2.26,-1.02,-2.46,-0.95
201501,-0.64,-2.31,-2.77,-2.34,-1.3,-1.7,-0.34,-2.49,-2.81,-2.29,-0.57,-0.53,-2.48,-2.72,-2.16,-0.4,-0.26,-0.89,-0.38,-0.58,0.07,-0.59,-1.13,-3.78,-5.07
201502,3.37,3.93,4.27,3.35,3.31,6.66,6.78,5.48,5.52,5.35,7.61,7.8,6.63,7.24,6.7,7.18,6.18,6.63,6.44,5.27,5.78,5.36,5.35,6.31,6.57
201503,-0.55,0,0.45,0.3,0.08,1.91,0.78,0.43,0.33,-0.39,1.01,2.1,-0.06,0.58,-1.07,-0.46,-0.09,-0.68,-0.61,-0.78,-0.56,-1.98,-1.12,-2.43,-1.32
201504,5.43,5.21,5.1,4.38,6.04,2.27,3.21,3.62,2.64,4.58,0.27,2.54,1.72,2.3,3.69,1.53,1.8,1.95,2.22,3.76,1.92,2.02,1.78,4.81,3.41
201505,4.21,2.44,2.9,1.52,1.12,1.95,2.54,1.74,1.2,0.05,1.15,-0.68,1.79,1.08,-0.24,1.78,1.34,0.71,0.98,-0.37,1.08,-0.03,0.01,0.01,0.54
201506,2.38,0.54,-0.39,0.23,-0.09,1.21,-0.63,0.3,-0.1,-0.65,0.33,-2.58,0.27,-1.36,-1.66,-2.04,-1.02,-1.87,-1.85,-2.62,-1.68,-3.37,-2.41,-2.57,-1.84
201507,-2.45,-1.2,-1.85,-3.08,-4.92,0.32,-1.3,-0.58,-2.26,-4.26,0.98,1.13,-0.81,-1.45,-3.3,2.16,0.9,-0.13,-0.13,-1.56,3.14,2.85,1.78,0.35,0.16
201508,-8.52,-5.89,-4.15,-4.15,-4.41,-7.22,-6.18,-3.56,-3.86,-4.21,-7.1,-5.1,-4.71,-4.06,-4.5,-5.72,-6.19,-5.94,-4.57,-5.42,-6.44,-6.39,-6.68,-5.81,-7.07
201509,-3.27,-3.73,-3.61,-3.13,-3.48,-4.43,-4.94,-5.26,-4.16,-4.12,-5.8,-3.3,-4.75,-3.94,-4.98,-4.5,-4.57,-4.18,-4.05,-4.82,-2.78,-2.67,-3.54,-4.01,-6.28
201510,3.32,5.03,4.82,4.86,4.57,3.25,4.7,6.25,5.5,4.93,4.32,4.9,7.54,6.55,6.01,6.07,7.29,6.38,6.52,6.05,7.92,8.33,7.55,8.01,7.17
201511,1.87,0.6,1.37,-0.08,-0.83,4.74,1.56,0.38,1.15,0.86,3.52,1.99,0.84,0.01,-0.83,0.85,1.18,0.86,-1.11,-1.33,-0.28,0.01,-1.03,-1.05,-0.64
201512,1.32,0.38,-0.17,-0.21,-0.94,0.66,-0.01,-0.32,-1.07,-2.67,-0.99,-2.1,-2.35,-2.18,-4.19,-1.69,-2.07,-1.87,-1.97,-2.92,-1.3,-1.28,-1.63,-1.97,-2.73
201601,-9.66,-9.52,-8.31,-6.95,-7.11,-11.64,-9.67,-7.15,-7.46,-7.83,-11.89,-7.7,-7.7,-6.13,-7.48,-8.64,-6.89,-6.64,-5.79,-8.36,-6.15,-4.18,-5.1,-5.19,-9.36
201602,-1.39,0.12,-0.23,0.25,0.78,-0.4,0.39,-0.09,1.51,-0.23,0.23,-0.21,1.25,-0.13,0.92,0.41,0.86,1.64,1.22,-1.87,-0.44,-0.71,-0.78,0.28,-2.59
201603,9.56,8.02,8.32,7.66,7.94,8.8,9.01,8.08,7.63,7.86,7.66,7.68,8.63,8.55,9.25,7.65,6.89,7.87,8,8.43,6.06,6.46,6.86,6.71,7.01
201604,3.45,2.69,3.85,3.47,5.24,3.29,2.78,2.14,2.77,5.14,1.5,0.89,2.67,2.2,5.72,1.6,1.5,1.41,2.9,4.44,-0.08,0.79,1.07,2.49,5.25
201605,0.01,-0.04,0.53,-0.95,-2,1.59,0.65,0.82,0.06,-0.41,3.04,2.27,0.05,0.71,-1.34,1.16,1.63,-0.1,-0.79,-1.1,1.32,0.85,0.72,0.29,-0.81
201606,-3,-2.1,-2.48,-1.11,-0.28,-2.5,-0.93,-2.88,-2.18,-1.38,-1.47,-2.94,-2.6,-3.6,-2.42,-2.03,-1.74,-2.69,-2.16,-3.18,-0.6,-0.67,-1.3,-0.64,-4.99
201607,2.5,3.44,4.94,6.28,5.1,5.08,6.65,5.1,5.96,6.75,5.07,5.85,6.42,6.38,6.29,5.66,5.55,5.87,5.12,4.8,3.7,5.55,4.14,2.83,4.5
201608,0.87,1.61,1.07,1.9,1.01,-0.82,-1.54,1.05,0.71,1.34,-0.16,-0.4,1.73,1.84,0.75,-1.53,-0.53,1.24,0.64,1.87,-1.46,-0.24,-0.01,0.54,3.14
201609,5.5,5.74,3.3,3.58,3.58,4.65,2.53,2.49,2.07,2.15,2.59,1.45,1.46,2.06,1.84,1.16,0.71,1.49,0.88,0.8,0.57,1.3,0.99,0.04,0.12
201610,-4.08,-4.12,-3.59,-2.04,-0.11,-5.39,-4.77,-4.07,-1.73,-0.52,-4.17,-4,-3.61,-1.8,-1.18,-5.24,-3.28,-2.2,-1.64,0.27,-3.46,-2.47,-2.6,-0.84,2.45
201611,-2.68,-0.75,-0.27,0.67,2.12,-0.1,0.19,3.17,3.81,4.11,-0.03,0.98,2.1,3.35,5.69,-0.51,0.77,0.76,2.1,4.76,-0.59,-0.69,1.33,2.28,4.93
201612,0.11,1.46,2.05,2.55,3.31,-0.33,1.51,2.09,3.41,3.23,-0.17,1.98,1.76,2.37,3.12,0.61,0.68,1.7,2.6,2.75,1.35,2.34,1.3,3.29,4.24
201701,4.66,4.99,3.58,4.17,4.95,2.54,2.9,2.64,1.79,2.53,3.02,2.92,2.28,2.77,3.45,3.54,3.73,3.06,2.17,4.56,3.08,3.41,1.93,2.54,1.75
201702,1.24,1.23,1.13,1.95,1.58,3.13,0.99,1.22,1.15,1.64,2.88,1.9,2.06,1.36,0.69,3.25,1.66,1.68,1.64,0.54,3.48,3.62,2.67,0.84,1.08
201703,1.84,2.41,2.13,1.84,0.95,3.13,3.36,2.28,0.76,0.4,2.77,1.04,2.01,1.48,-0.48,3.08,1.68,1.76,0.91,1.39,2.04,2.33,1.17,0.91,0.69
201704,0.97,1.17,2.24,2.26,0.53,3.28,2.99,3.37,2.08,1.43,2.73,4.1,3.12,3.05,0.46,3.91,3.46,2.49,2.33,0.43,2.31,2.49,2.37,1.04,0.48
201705,3.38,3.54,3.15,2.69,1.12,1.64,2.25,1.95,0.54,-0.16,3.78,3,1.15,0.89,-0.88,4.6,1.69,2.43,2.09,-0.08,3.43,4.18,1.54,1.54,0.72
201706,1.74,3.73,2.72,2.06,2.8,2.86,2.81,2.34,2.77,2.59,0.71,0.55,1,1.43,3.28,0.41,1.07,1.06,1,2.66,-0.67,-0.67,0.04,0.96,2.7
201707,2.15,2.46,2.09,3.12,3.81,1.12,2.45,2.87,2.43,2.61,1.8,3.26,2.21,2.77,3.13,2.51,1.86,2.23,2.61,3.6,2.09,2.39,2.49,2.73,3.7
201708,-0.46,0.75,0.12,0.57,1.21,0.58,0.48,-0.79,-0.86,-0.69,1.33,-0.74,-0.45,-0.35,-0.68,0.79,0.99,-0.26,-0.53,-0.44,1.06,1.06,0.34,-0.35,-0.97
201709,2.86,2.34,3.55,4.12,3.5,2.97,3.08,3.8,4.82,4.5,2.2,2.49,4.17,3.9,3.46,2.61,2.99,3.21,2.99,3.16,1.67,0.95,2.02,2.59,3.85
201710,1.54,1.09,0.63,1.19,1.22,1.09,1.35,0.9,0.97,1.04,2.24,1.15,1.78,1.24,0.4,2.04,3.51,2.33,1.07,1.52,3.14,2.29,1.91,0.39,1.81
201711,2.09,1.45,1.2,1.33,1.22,1.67,1.27,1.2,1.09,0.55,2.41,1.81,1.35,1.46,1.62,2.91,3.47,2.33,3.35,1.43,2.46,1.54,2.11,1.76,2
201712,4.49,2.39,2.57,2.13,2.73,3.09,2.59,2.08,1.5,2.15,1.4,1.81,1.33,1.39,2.04,1.31,1.11,1.54,2.17,2.83,1.24,0.58,1.51,1.32,1.89
201801,5.82,6,5.8,4.49,4.49,5.93,3.83,3.88,2.94,3.34,6.44,4.64,3.59,3.48,3.55,4.84,4.76,4.82,4.18,3.47,8.03,3.95,5.24,4.05,6.36
201802,-3.06,-3.15,-2.98,-3.38,-3.17,-2.68,-1.74,-2.89,-3.88,-3.57,-2.62,-3.01,-3.05,-5.04,-4.83,-2.81,-3.76,-4.1,-4.37,-4.21,-2.53,-3.82,-4.64,-4.32,-4.91
201803,-0.65,-1.64,-1.33,-0.46,-0.97,0.01,-0.94,-0.3,-0.32,-1.47,0.13,0.34,0.04,-0.76,-0.88,0.1,-0.78,-0.56,-0.86,-0.8,-1.59,-2.31,-2.26,-0.76,-2.96
201804,-2.7,-0.29,-0.07,0.24,0.34,-0.19,0.58,1.02,1.06,2.09,-0.65,0.78,0.92,1.05,2.48,0.95,0.23,0.62,0.3,2.42,0.49,1,0.85,2.16,2.04
201805,2.79,2.86,1.48,1.08,0.04,4.58,2.26,3.03,0.66,0.14,4.48,1.16,1.92,0.27,0.22,2.8,2.16,1.12,-0.32,-1.05,2.8,2.22,0.14,-0.57,-3.64
201806,-2.63,-1.56,-0.65,-2.03,-1.95,-1.49,0.12,-1.73,-1.73,-1.38,-0.09,-0.11,-1.13,-1.49,-0.67,1.33,-0.57,-1.08,-2.1,-1.83,0.71,0.4,-0.41,-0.45,-1.88
201807,-1.08,-0.08,-0.08,-0.09,-0.22,-2.13,0.72,1.42,0.84,1.58,0.18,0.06,1.88,1.74,1.64,0.92,2.9,1.98,0.95,2.08,3.08,3.39,2.55,2.48,4.31
201808,1.32,0.46,-0.3,-0.46,-1.42,1.46,2.25,0.3,-0.1,-0.64,2.81,1.08,1.22,-0.03,-0.17,3.88,2.16,-0.16,-1.21,-1.64,5.66,1.65,-0.73,-1.25,-1.67
201809,0.4,-0.48,-1.38,-0.93,-0.42,-0.39,-1.09,-1.51,-1.48,-0.36,-1.95,-0.2,-0.64,-0.65,-0.87,-1.53,-0.39,-0.67,0.13,0.77,0.56,0.39,1.21,1.88,0.07
201810,-11.7,-10.11,-10.81,-9.39,-7.92,-12.78,-9.63,-10.59,-10.36,-9.36,-11.98,-11.15,-10.04,-9.36,-8.42,-10.5,-10.61,-9.54,-7.3,-8.27,-9.04,-6.86,-6.95,-7.09,-6.66
201811,0.55,0.02,0.05,-1.02,-1.11,2.71,1.56,-0.25,0.15,-0.05,0.06,2.24,1.05,0.46,-0.45,0.64,1.39,0.05,0.37,0.97,0.93,1.6,2,0.38,1.18
201812,-10.33,-8.32,-8.25,-7.3,-6.51,-10.55,-8.31,-7.98,-8.54,-7.57,-8,-8.43,-9.29,-8.04,-8.38,-7.87,-7.45,-7.82,-6.97,-8.67,-7.47,-6.91,-6.35,-7.13,-8.3
201901,7.48,5.85,5.86,5.71,5.34,8.44,7.87,8.46,7.63,7.92,11.99,7.81,8.28,8.66,8.81,10.16,7.95,9.27,7.62,9.54,7.46,7.35,6.7,7.76,7.87
201902,3.29,2.36,2.24,2.57,2.56,3.54,4.12,2.72,3.51,2.19,4.69,3.72,3.63,2.87,2.21,5.03,4.09,2.85,1.93,2.38,4.61,2.79,3.6,2.46,1.07
201903,0.71,0.12,0.62,-1.72,-1.21,0.65,-0.05,-1.69,-2.75,-2.13,0.69,-0.33,-0.82,-1.53,-1.92,1.1,0.4,-0.22,-0.24,-1.13,3.53,2.12,1.21,0.21,-1.56
201904,2.14,1.22,2.62,2.08,1.56,3.62,2.66,3.17,3.1,1.8,3.36,2.86,3.78,3.36,2.57,3.58,3.3,4.02,1.5,3.39,4.23,3.69,3.38,2.19,5.67
201905,-2.09,-3.14,-4.49,-4.51,-4.58,-4.51,-4.75,-6.43,-6.26,-6.3,-4.61,-5.49,-7.46,-6.87,-6.73,-6.07,-5.55,-6.45,-5.97,-6.76,-5.47,-5.24,-5.59,-5,-7.91
201906,2.41,2.74,3.4,3.52,3.39,3.59,4.66,5.1,4.94,4.39,6.65,6.03,6.97,6.1,5.11,5.87,6.74,7.71,4.82,6,6.84,6.4,7.07,5.92,6.17
201907,-0.76,-0.98,-1.64,-0.91,-0.55,-1.58,-1.93,-0.59,-0.36,-0.98,1.26,-1.12,-0.13,-0.63,-1.12,1.01,-0.6,-1.1,-0.43,-1.23,1.03,1.02,0.64,-0.91,-0.83
201908,-3.56,-3.94,-4.69,-4.38,-4.75,-2.72,-4.01,-4.44,-3.13,-5.4,-3.12,-4.15,-2.56,-4.22,-5.27,-1.78,-1.71,-3.35,-3.26,-5.45,-0.01,-1.66,-2.26,-2.56,-5.56
201909,0.39,1.91,1.62,2.47,3.29,-0.2,1.04,3.15,2.95,4.19,-0.26,1.46,2.59,3.41,4.5,-1.69,0.69,3.01,4.54,5.38,0.57,0.53,1.91,3.86,5.9
201910,1.93,2.85,3.15,3.67,3.15,3.44,4.5,3.37,3.96,3.37,3.96,4.06,3.34,3.55,3.3,3.24,3.23,2.58,2.67,2.54,3.5,2.82,1.15,2.34,2.7
201911,3.54,1.85,2.14,1.84,1.59,5.59,4,3.01,1.95,1.9,5.79,3.74,2.65,1.73,2.16,5.18,2.83,3.45,2.24,2.37,4.06,2.74,3.04,1.43,2.14
201912,4.06,6.17,6.39,5.04,5.55,3.87,4.51,4.06,4.85,5.33,2.61,3.27,4.06,3.89,3.68,1.14,2.44,3.09,2.82,3.94,3.72,2.56,2.59,2.87,3.8
202001,-1.53,-2.22,-2.01,-2.81,-4.68,-3.31,-2.87,-3.46,-3.51,-6.48,-1.3,-2.97,-2.98,-2.63,-4.97,-0.52,-1.71,-2.58,-3.14,-4.93,2.52,0.13,-0.85,-2.1,-5.47
202002,-11.73,-10.22,-10.24,-10.6,-9.89,-11.45,-9.6,-10.03,-9.94,-9.55,-7.83,-7.56,-9.22,-10.34,-9.37,-8.46,-9.15,-8.65,-9.92,-10.51,-7.14,-7.59,-9.16,-9.22,-9.38
202003,-15.23,-17.77,-15.62,-15.83,-17.4,-12.99,-16.93,-17.51,-15.26,-24.08,-13.46,-14.77,-20.23,-19.88,-22.77,-10.91,-10.75,-17.67,-22.25,-24.48,-6.95,-8.88,-13.38,-16.36,-24.17
202004,17.86,14.05,11.86,9.36,8.41,16.92,13.42,11.14,8.75,11.63,13.55,12.49,11.01,11.47,10.59,13.32,10.69,10.75,11.56,10.61,12.75,10.71,9.21,6.87,8.43
202005,11.16,8.13,8.22,6.48,4.07,11.64,8.06,5.62,4.39,4.08,11.1,9.49,5.94,5.29,3.74,10.94,8.85,6.69,5.51,1.58,5.93,5.42,4.91,2.7,2.16
202006,4.68,4.71,2.65,3.08,3,2.38,3.95,2.67,2.55,2.23,2.08,3.4,1.72,2.12,1.39,2.85,1.03,1.4,1.04,2.22,6.17,0.86,1.26,1.73,2.57
202007,2.68,3.45,2.66,2.71,1.22,2.53,3.62,2.74,2.4,1.61,3.88,3.24,2.87,1.42,1.24,3.85,6.52,4.26,3.73,1.3,6.58,6.11,4.53,2.26,0.65
202008,10.42,9.9,7.72,6.27,5.76,11.75,8.06,6.58,6.93,6.35,9.05,7.31,6.37,6.7,6.66,5.25,5.11,5.5,7,6.05,10.24,5.62,5.1,4.17,4.96
202009,2.46,-0.94,-0.89,-0.65,-1.32,0.84,-0.04,-1.18,-2.17,-3.48,-0.65,-1.49,-2.24,-2.64,-3.29,1.16,-0.44,-1.39,-3.14,-4.88,-4,-2.95,-1.61,-3.12,-5.43
202010,-3.3,-2.27,-2.23,-1.87,-0.31,-0.79,-0.85,-0.73,-1.4,-0.62,-1.25,-0.99,-0.16,-0.58,-0.3,-0.14,-1.99,-2.9,-1.52,-1.18,-4.67,-1.67,-2.28,-2.71,-1.78
202011,11.54,14.85,14.74,15.06,14.44,13.29,15.01,14.14,15.13,15.84,14.99,14.08,15.86,16.12,17.78,11.96,11.52,13.95,16,17.99,10.89,11.71,12.05,15.24,19.12
202012,7.08,7.43,8.67,7.92,7.16,6.73,9.36,8.85,7.41,7.08,9.46,7.07,6.38,6.18,7.19,5.84,4.87,5.71,5.32,5.7,5.88,2.67,3.6,4.23,4.05
202101,1.24,4.52,2.99,2.92,6.1,2.27,1.67,0.78,1.25,1.64,1.21,2.64,-0.36,1.16,1.9,-0.94,-1.07,-0.22,-0.85,0.48,-1.25,-1.05,-0.68,-1.32,-0.21
202102,2.83,4.46,4.72,4.8,6.36,-0.55,4.73,4.58,5.44,7.63,0.22,-0.67,4.22,5.13,9.95,1.07,1.05,2.28,6.05,8.61,-0.72,1.84,2.27,5.04,9.58
202103,-1.44,-0.06,0.83,1.7,4.49,-2.7,-1.99,0.77,3.17,4.88,-4.1,-0.25,2.84,3.71,5.29,-1.41,1.62,4.24,3.66,5.74,0.79,3.84,3.18,5.08,6.83
202104,3.06,3.13,3.65,3.63,2.78,4.77,4.88,3.33,2.92,1.96,3.93,2.1,3.7,3.55,2.73,6.6,4.06,3.05,3.71,3.39,6.28,5.8,3.68,2.43,3.42
202105,0.81,0.15,2.21,3.28,3.9,-0.88,1.28,0.16,1.85,3.93,-1.42,0,1.03,1.28,3.38,-0.8,1.32,2.08,2.69,4.87,-0.5,1.63,1.49,3.55,5.26
202106,1.8,-0.91,-0.64,-0.07,0.41,2.35,2.45,-0.07,-0.81,-2.27,2.96,0.97,-0.38,-2.68,-2.39,2.79,0.96,-0.66,-2.34,-4.26,5.72,1.34,-0.41,-1.31,-3.22
202107,-3.31,-1.85,-1.76,0.05,-0.92,-1.25,-2.1,-0.79,-0.42,-2.07,-0.23,-0.88,0.29,-0.06,-2.22,-0.75,0.47,0.9,-0.02,-0.66,3.21,1.9,2.93,-0.21,-1.69
202108,2.84,2.63,2.6,2.32,1.42,5.18,3.38,2.45,1.79,2.06,2.92,2.76,0.89,1.82,2.35,1.87,3.43,0.98,0.92,2.08,3.86,1.62,3.09,1.15,1.72
202109,-3.24,-2.86,-2.42,-1.75,0.21,-4.66,-4.97,-2.73,-3.2,0.15,-4.3,-3.2,-2.37,-3.27,-0.53,-4.64,-3.35,-4.73,-2.95,-0.43,-5.36,-5.71,-5.32,-2.73,0.49
202110,-0.31,1.47,1.47,0.71,1.31,2.27,2.34,0.92,2.14,1.94,3.33,2.45,2.78,2.33,2.18,2.25,2.6,3.57,2.36,3.92,8.3,3.82,6.1,1.82,5.49
202111,-6.52,-5.57,-3.97,-5.3,-4.74,-4.99,-6.97,-5.44,-3.63,-5.23,-6.27,-5.74,-3.89,-4.43,-4.77,-6.01,-4.07,-3.18,-4.98,-4.39,1.43,-3.01,-3.18,-3.95,-5.79
202112,-2,1.04,2.34,3.2,3.24,0.29,0.68,2.04,4.61,4.15,-0.37,0.66,3.43,4.52,4.48,1.07,1.52,4.73,5.23,5.04,0.87,6.34,5.28,5.85,5.07
202201,-13.15,-10.6,-9.67,-6.23,-2.2,-16.39,-11.9,-8.97,-5.95,-0.65,-14.46,-11.99,-7.02,-5.18,0.27,-14.35,-10.47,-7.35,-2.94,0.43,-9.38,-6.98,-5.94,-0.6,5.19
202202,-3.69,-3.14,-1.99,-0.59,1.36,-1.64,-1.07,0.23,1.02,2.17,-1.35,-0.95,-0.75,0.42,0.84,-2.5,-1.45,-0.52,0.61,0.75,-3.2,-5.54,-1.04,-1.14,-1.35
202203,2.68,2.33,1.19,-0.05,0.47,1.41,-0.45,-0.4,0.4,0.35,0.75,-0.75,0.39,0.18,1.01,-0.47,0.34,0,1.37,2.36,3.7,2.84,3.03,2.06,1.09
202204,-10.07,-9.78,-8.91,-7.39,-4.97,-11.51,-10.81,-8.78,-6.97,-4.85,-10.36,-10.13,-6.71,-6.13,-5.52,-10.84,-7.85,-6.86,-5.08,-6.18,-11.9,-5.75,-8.62,-5.88,-5.86
202205,-1.92,-2.1,-1.68,-0.92,1.99,-1.69,-3.3,-1,0.76,2.81,-4.06,-2.43,1.19,0.81,3.73,-2.72,-0.72,0.89,1.91,3.79,-2.92,-1.65,0.85,2.83,6.1
202206,-10.33,-10.99,-8.54,-7.84,-7.64,-10.69,-9.13,-7.63,-8.32,-9.93,-9.11,-6.83,-8.53,-8.28,-9.8,-8.42,-7.98,-9.86,-10.44,-11.55,-8.08,-7.18,-6.5,-9.63,-11.67
202207,8.33,7.71,6.46,5.24,3.72,10.69,9.49,7.65,8.01,5.44,10.76,9.37,7.44,6.21,5.32,11.38,10.22,6.14,4.84,4.27,13.28,6.52,4.71,3.55,4.92
202208,-3.32,-2.75,-1.8,-2.68,-1.38,-5.69,-2.6,-4.03,-4.18,-2.42,-3.27,-5.23,-4.25,-3.27,-2.79,-4.71,-4.07,-4.07,-3.05,-2.62,-5.68,-4.99,-3.38,-2.74,-1.95
202209,-11.04,-13.01,-11.43,-10,-9.04,-12.08,-11.36,-10.09,-10.56,-9.03,-10.98,-10.4,-10.4,-10.75,-8.95,-11.26,-8.98,-10,-10.97,-8.77,-9.63,-8.64,-7.69,-9.63,-8.54
202210,3.07,2.25,3.71,4.25,3.34,5.26,6.56,5.52,6.79,8.12,4.89,5.57,7.4,7.86,9.19,4.48,5.17,6.86,8.31,6.31,4.67,5.65,7.63,9.19,12.73
202211,8.64,6.87,6.41,5.9,5.86,9.72,5.49,6.29,7.78,6.87,7.01,9.22,8.38,9.05,7.32,9.52,7.45,8.47,9.26,8.67,5.82,8.79,8.89,7.78,7.5
202212,-2.29,-1.06,-1.24,0.06,1.17,-2.32,-1.89,-2.98,-2.51,-0.97,-2.64,-4.02,-2.85,-2.7,-2.15,-3.85,-3.17,-2.28,-2.85,-0.88,-7.29,-3.92,-2.55,-2.79,-2.83
202301,6.61,7.8,8.28,7.78,5.86,8.05,9.71,10.06,7.56,6.78,8.82,10.32,8.89,8.51,7.87,10.25,7.62,8.39,9.61,7.58,9.75,4.98,4.28,5.61,7.16
202302,-5.58,-4.16,-4.38,-3.2,-1,-4.07,-3.12,-2.1,-1.88,-0.49,-2.18,-1.4,-2.51,-1.79,-1.67,-3.08,-3.18,-2.4,-2.23,-1.8,-0.92,-2.92,-3.79,-3.5,-1.99
202303,-1.83,-1.8,-1.23,-1.39,-1.52,0.33,0.1,-1.23,-0.87,-3.34,1.11,0.21,0.11,-1.99,-5.24,3.43,1.66,1.14,-1.01,-3.89,8.28,5.49,2.22,0.78,-4.79
202304,-0.49,-0.09,-0.68,0.05,-0.62,0.88,0.84,-0.04,-0.02,0.44,-0.77,0.74,0.22,1.19,1.49,-0.79,0.39,0,0.89,2.39,1.3,2.1,1.13,2.52,3.29
202305,-3.03,-2.42,-1.99,-2.51,-2.96,-3.57,-2.32,-0.91,-1.2,-4.04,0,-1.67,-3.39,-3.28,-4.93,-0.38,-1.85,-3.73,-4.25,-4.03,3.77,0.3,-4.32,-5.25,-6.12
202306,2.33,2.67,3.28,3.9,4.23,1.87,3.65,4.86,5.85,5.45,4.46,5.83,6.4,5.54,7.01,3.93,5.5,6.1,7.1,6.19,6.95,4.94,5.33,5.83,6.24
202307,1.87,1.96,2.84,4.09,5.8,2.49,3.71,4.18,4.88,7.39,2.89,4.65,3.01,5.71,7.32,2.33,1.88,3.88,4.59,7.6,2.09,3.11,2.99,4.07,5.26
202308,-5.28,-5.12,-4.39,-4.85,-3.7,-6.01,-6.06,-4.2,-2.96,-3.36,-4.69,-2.2,-3.11,-3.56,-3.7,-3.39,-4.12,-2.82,-2.56,-3.99,-1.67,-1.68,-3.13,-2.27,-4.61
202309,-6.84,-5.16,-4.85,-4.23,-3.03,-7.36,-6.77,-4.4,-3.79,-3.73,-5.62,-6.28,-4.96,-4.32,-3.83,-5.83,-6.05,-4.66,-3.34,-2.84,-5.97,-4.87,-3.33,-1.21,-1.4
202310,-7.96,-6.91,-5.77,-5.4,-4.88,-9.19,-6.27,-5.53,-5.51,-4.5,-7.44,-6.41,-6.5,-4.78,-4.87,-4.37,-4.77,-5.37,-5.56,-5.83,-1.79,-1.91,-3.54,-3.38,-4.26
202311,7.54,8.5,8.42,7.9,6.26,12.46,8.36,8.79,7.75,8.07,12.22,9.06,9.17,7.82,9.44,9.85,9.04,8.45,7.86,8.04,10.75,8.36,7.91,6.95,10.2
202312,7.51,7.78,8.14,8.71,8.82,9.97,9.73,9.13,8.52,10,8.9,7.87,7.51,7.42,8.57,8.26,7.65,6.9,7.86,6.78,4.04,4.66,4.74,4.65,6.28
202401,-3.79,-1.78,-2.47,-1.71,-1.77,-3.98,-2.64,-2.59,-2.03,-3.01,-3.57,-2.74,-2.29,-1.74,-2,-1.38,-2.38,-0.4,-0.84,-1.52,2.32,0.68,-0.7,2.37,0.42
202402,1.15,0.21,1.3,1.67,1.23,1.11,2.93,2.64,2.18,1.01,2.79,4.04,2.81,1.95,0.07,5.73,3.44,4.12,1.77,2.12,5.42,4.02,1.63,6.18,3.9
202403,-0.51,1.7,1.85,3.43,3.9,0.95,2.4,2.58,3.34,5.02,0.43,1.58,3.6,3.9,6.4,2.84,3.22,4.59,4.63,7.09,1.32,3,4,4.29,6.8
202404,-6.15,-4.03,-3.46,-3.21,-3.12,-4.57,-5.37,-4.44,-3.58,-3.11,-5.96,-4.37,-4.59,-3.92,-3.6,-7.15,-4.68,-4.38,-3.43,-3.94,-4.17,-2.18,-2.16,-3.6,-3.61
202405,3.28,5.44,2.99,4.13,4.53,5.24,6.05,3.83,4.56,4.57,4.13,2.87,5.25,4.38,4.74,5.18,1.82,2.05,3.54,5.77,6.5,3.38,3.79,3.12,4.56
202406,-1.02,-2.23,-1.45,-2.54,-2.13,-0.46,-2.14,-2.11,-2.87,-2.59,2.56,-1.5,-2.63,-2.71,-3.2,-2,-1.92,-2.06,-1.75,-3.19,5.66,2.29,-1.67,-0.99,-2.28
202407,4.07,4.73,5.51,6.28,6.98,7.56,6.31,6.7,7.59,7.64,5.91,5.36,5.79,6.28,7.59,2.78,5.07,4.91,5.85,4.76,-0.81,0.06,3.13,3.54,6.02
202408,1.03,0.4,0.72,-1.08,-0.77,1.53,1.13,-0.05,-0.66,-0.88,2.97,1.01,1.28,0.55,-0.33,4.19,3.03,1.59,1.98,2.13,3.37,1.99,2.5,1.06,2.6
202409,2.46,1.53,2.06,1.62,1.64,0.13,3.27,1.76,1.6,1.62,2.92,2.77,3.45,1.35,2.33,2.54,3.76,2.13,1.97,1.42,1.4,3.13,2.03,1.18,-0.49
